numitems,bitsperitem,algorithm,instance_id,diff,runtime
10,4,karmarkar-karp-kg,0,1.0,0.0002120999999999
10,4,karmarkar-karp-kg,1,3.0,0.000207
10,4,karmarkar-karp-kg,2,1.0,0.0001416999999999
10,4,karmarkar-karp-kg,3,1.0,0.0001311999999999
10,4,karmarkar-karp-kg,4,1.0,0.0001272999999999
10,4,karmarkar-karp-kg,5,2.0,0.0001275999999998
10,4,karmarkar-karp-kg,6,0.0,0.0001252
10,4,karmarkar-karp-kg,7,1.0,0.0001287999999999
10,4,karmarkar-karp-kg,8,1.0,0.0001337999999999
10,4,karmarkar-karp-kg,9,0.0,0.0001273000000001
10,4,karmarkar-karp-sy,0,0.0,0.0002056999999999
10,4,karmarkar-karp-sy,1,1.0,0.0001674
10,4,karmarkar-karp-sy,2,0.0,0.0001926
10,4,karmarkar-karp-sy,3,0.0,0.0001885999999999
10,4,karmarkar-karp-sy,4,1.0,0.0001724
10,4,karmarkar-karp-sy,5,1.0,0.0001941
10,4,karmarkar-karp-sy,6,0.0,0.0002249
10,4,karmarkar-karp-sy,7,1.0,0.0001785
10,4,karmarkar-karp-sy,8,0.0,0.0001951
10,4,karmarkar-karp-sy,9,0.0,0.0002224000000001
10,8,karmarkar-karp-kg,0,7.0,0.0001534999999999
10,8,karmarkar-karp-kg,1,3.0,0.0001455000000001
10,8,karmarkar-karp-kg,2,20.0,0.0001523000000001
10,8,karmarkar-karp-kg,3,6.0,0.0001513000000001
10,8,karmarkar-karp-kg,4,41.0,0.0001558999999999
10,8,karmarkar-karp-kg,5,10.0,0.0001560999999998
10,8,karmarkar-karp-kg,6,29.0,0.0001562000000001
10,8,karmarkar-karp-kg,7,6.0,0.0001617
10,8,karmarkar-karp-kg,8,3.0,0.0001447999999999
10,8,karmarkar-karp-kg,9,3.0,0.0001400999999998
10,8,karmarkar-karp-sy,0,3.0,0.0001903999999999
10,8,karmarkar-karp-sy,1,3.0,0.0001774000000001
10,8,karmarkar-karp-sy,2,3.0,0.0002013999999999
10,8,karmarkar-karp-sy,3,2.0,0.0001763000000001
10,8,karmarkar-karp-sy,4,0.0,0.0002102000000001
10,8,karmarkar-karp-sy,5,1.0,0.0002028
10,8,karmarkar-karp-sy,6,3.0,0.0001665000000001
10,8,karmarkar-karp-sy,7,8.0,0.0001884
10,8,karmarkar-karp-sy,8,0.0,0.0001914
10,8,karmarkar-karp-sy,9,22.0,0.0001914
10,12,karmarkar-karp-kg,0,704.0,0.0001596999999999
10,12,karmarkar-karp-kg,1,137.0,0.0001618999999999
10,12,karmarkar-karp-kg,2,184.0,0.0001529
10,12,karmarkar-karp-kg,3,297.0,0.0001653000000001
10,12,karmarkar-karp-kg,4,339.0,0.0006032
10,12,karmarkar-karp-kg,5,222.0,0.0001583999999998
10,12,karmarkar-karp-kg,6,498.0,0.0001640999999998
10,12,karmarkar-karp-kg,7,338.0,0.0001596000000001
10,12,karmarkar-karp-kg,8,135.0,0.0005336999999998
10,12,karmarkar-karp-kg,9,169.0,0.0001666999999998
10,12,karmarkar-karp-sy,0,4.0,0.000199
10,12,karmarkar-karp-sy,1,438.0,0.0002435
10,12,karmarkar-karp-sy,2,14.0,0.0002003000000001
10,12,karmarkar-karp-sy,3,63.0,0.0002074
10,12,karmarkar-karp-sy,4,0.0,0.0001672000000001
10,12,karmarkar-karp-sy,5,79.0,0.0001892000000001
10,12,karmarkar-karp-sy,6,457.0,0.0001937
10,12,karmarkar-karp-sy,7,15.0,0.0002109000000001
10,12,karmarkar-karp-sy,8,252.0,0.0003188
10,12,karmarkar-karp-sy,9,21.0,0.0004756999999999
10,16,karmarkar-karp-kg,0,1810.0,0.0002585000000001
10,16,karmarkar-karp-kg,1,295.0,0.0002120999999999
10,16,karmarkar-karp-kg,2,31.0,0.0002036999999999
10,16,karmarkar-karp-kg,3,9200.0,0.0002356999999999
10,16,karmarkar-karp-kg,4,3996.0,0.0006067999999999
10,16,karmarkar-karp-kg,5,2985.0,0.0002025999999999
10,16,karmarkar-karp-kg,6,1687.0,0.0002184
10,16,karmarkar-karp-kg,7,81.0,0.0002044999999999
10,16,karmarkar-karp-kg,8,861.0,0.0002071999999999
10,16,karmarkar-karp-kg,9,5856.0,0.0002116
10,16,karmarkar-karp-sy,0,13484.0,0.0002229
10,16,karmarkar-karp-sy,1,2457.0,0.0002295000000001
10,16,karmarkar-karp-sy,2,2319.0,0.0002424
10,16,karmarkar-karp-sy,3,3999.0,0.0002444999999999
10,16,karmarkar-karp-sy,4,346.0,0.0002317
10,16,karmarkar-karp-sy,5,457.0,0.0002263
10,16,karmarkar-karp-sy,6,988.0,0.0002094999999999
10,16,karmarkar-karp-sy,7,991.0,0.0002526
10,16,karmarkar-karp-sy,8,17190.0,0.0002410999999999
10,16,karmarkar-karp-sy,9,812.0,0.0002275
10,20,karmarkar-karp-kg,0,26872.0,0.0002224000000001
10,20,karmarkar-karp-kg,1,8906.0,0.0001902999999998
10,20,karmarkar-karp-kg,2,113972.0,0.0002461
10,20,karmarkar-karp-kg,3,192566.0,0.0001988000000001
10,20,karmarkar-karp-kg,4,189772.0,0.0001941
10,20,karmarkar-karp-kg,5,50222.0,0.0002159999999999
10,20,karmarkar-karp-kg,6,19539.0,0.0001980999999999
10,20,karmarkar-karp-kg,7,17157.0,0.0001932999999998
10,20,karmarkar-karp-kg,8,149722.0,0.0001914999999999
10,20,karmarkar-karp-kg,9,19004.0,0.0001879
10,20,karmarkar-karp-sy,0,152928.0,0.0003063999999999
10,20,karmarkar-karp-sy,1,8896.0,0.0002296999999999
10,20,karmarkar-karp-sy,2,4682.0,0.0002097
10,20,karmarkar-karp-sy,3,203.0,0.0002287
10,20,karmarkar-karp-sy,4,40339.0,0.0002192
10,20,karmarkar-karp-sy,5,6214.0,0.0002218
10,20,karmarkar-karp-sy,6,3516.0,0.0002210999999998
10,20,karmarkar-karp-sy,7,5886.0,0.0002135999999999
10,20,karmarkar-karp-sy,8,25187.0,0.0006554
10,20,karmarkar-karp-sy,9,3922.0,0.0002056999999999
12,4,karmarkar-karp-kg,0,0.0,0.0001717000000001
12,4,karmarkar-karp-kg,1,1.0,0.0002257999999999
12,4,karmarkar-karp-kg,2,1.0,0.0001611999999999
12,4,karmarkar-karp-kg,3,0.0,0.0001644
12,4,karmarkar-karp-kg,4,2.0,0.0001535000000001
12,4,karmarkar-karp-kg,5,1.0,0.0002676999999997
12,4,karmarkar-karp-kg,6,0.0,0.0006449000000001
12,4,karmarkar-karp-kg,7,1.0,0.0001856
12,4,karmarkar-karp-kg,8,1.0,0.0001555999999998
12,4,karmarkar-karp-kg,9,3.0,0.0001687999999999
12,4,karmarkar-karp-sy,0,1.0,0.0002456999999997
12,4,karmarkar-karp-sy,1,1.0,0.0002325
12,4,karmarkar-karp-sy,2,2.0,0.0002270000000001
12,4,karmarkar-karp-sy,3,0.0,0.0002967999999996
12,4,karmarkar-karp-sy,4,1.0,0.0002351000000002
12,4,karmarkar-karp-sy,5,0.0,0.0002233
12,4,karmarkar-karp-sy,6,0.0,0.0002024999999998
12,4,karmarkar-karp-sy,7,1.0,0.0003117000000001
12,4,karmarkar-karp-sy,8,1.0,0.0002436999999999
12,4,karmarkar-karp-sy,9,0.0,0.0006311999999999
12,8,karmarkar-karp-kg,0,9.0,0.0002093999999996
12,8,karmarkar-karp-kg,1,13.0,0.0001904999999999
12,8,karmarkar-karp-kg,2,10.0,0.0002152999999998
12,8,karmarkar-karp-kg,3,1.0,0.0002024
12,8,karmarkar-karp-kg,4,16.0,0.0006091999999999
12,8,karmarkar-karp-kg,5,37.0,0.0002167000000001
12,8,karmarkar-karp-kg,6,5.0,0.0002368999999999
12,8,karmarkar-karp-kg,7,9.0,0.0001979000000003
12,8,karmarkar-karp-kg,8,37.0,0.0002610999999999
12,8,karmarkar-karp-kg,9,69.0,0.0002052000000003
12,8,karmarkar-karp-sy,0,2.0,0.0002219000000001
12,8,karmarkar-karp-sy,1,79.0,0.0002377
12,8,karmarkar-karp-sy,2,1.0,0.0002184
12,8,karmarkar-karp-sy,3,3.0,0.0002412
12,8,karmarkar-karp-sy,4,3.0,0.0002393
12,8,karmarkar-karp-sy,5,1.0,0.0002301999999998
12,8,karmarkar-karp-sy,6,1.0,0.0002373000000002
12,8,karmarkar-karp-sy,7,1.0,0.0002501999999999
12,8,karmarkar-karp-sy,8,8.0,0.0002211
12,8,karmarkar-karp-sy,9,3.0,0.0002096000000002
12,12,karmarkar-karp-kg,0,33.0,0.0002106000000003
12,12,karmarkar-karp-kg,1,379.0,0.0002071000000003
12,12,karmarkar-karp-kg,2,145.0,0.0002139999999997
12,12,karmarkar-karp-kg,3,167.0,0.0002204999999997
12,12,karmarkar-karp-kg,4,157.0,0.0002183000000002
12,12,karmarkar-karp-kg,5,31.0,0.0002311000000001
12,12,karmarkar-karp-kg,6,94.0,0.0002547000000001
12,12,karmarkar-karp-kg,7,198.0,0.0002992000000001
12,12,karmarkar-karp-kg,8,186.0,0.0002157999999998
12,12,karmarkar-karp-kg,9,62.0,0.0003070999999996
12,12,karmarkar-karp-sy,0,60.0,0.0002064999999999
12,12,karmarkar-karp-sy,1,48.0,0.0002354000000002
12,12,karmarkar-karp-sy,2,11.0,0.0002391999999997
12,12,karmarkar-karp-sy,3,0.0,0.0002138999999998
12,12,karmarkar-karp-sy,4,25.0,0.0003663999999998
12,12,karmarkar-karp-sy,5,12.0,0.0002566999999999
12,12,karmarkar-karp-sy,6,64.0,0.0002172999999996
12,12,karmarkar-karp-sy,7,27.0,0.0002648999999999
12,12,karmarkar-karp-sy,8,8.0,0.0002509000000001
12,12,karmarkar-karp-sy,9,32.0,0.0002613
12,16,karmarkar-karp-kg,0,7509.0,0.0002064000000001
12,16,karmarkar-karp-kg,1,1057.0,0.0002558999999999
12,16,karmarkar-karp-kg,2,96.0,0.000251
12,16,karmarkar-karp-kg,3,6757.0,0.0006405000000002
12,16,karmarkar-karp-kg,4,114.0,0.0002299000000003
12,16,karmarkar-karp-kg,5,4344.0,0.0002093000000003
12,16,karmarkar-karp-kg,6,449.0,0.0002146
12,16,karmarkar-karp-kg,7,1995.0,0.0002256999999996
12,16,karmarkar-karp-kg,8,4958.0,0.0002062
12,16,karmarkar-karp-kg,9,232.0,0.0002243000000001
12,16,karmarkar-karp-sy,0,989.0,0.0004370000000002
12,16,karmarkar-karp-sy,1,1193.0,0.0006364999999997
12,16,karmarkar-karp-sy,2,2005.0,0.0002456999999997
12,16,karmarkar-karp-sy,3,71.0,0.0002037000000001
12,16,karmarkar-karp-sy,4,254.0,0.0002347
12,16,karmarkar-karp-sy,5,557.0,0.0002596000000001
12,16,karmarkar-karp-sy,6,2898.0,0.0003962999999997
12,16,karmarkar-karp-sy,7,151.0,0.0002385
12,16,karmarkar-karp-sy,8,134.0,0.0002604000000001
12,16,karmarkar-karp-sy,9,419.0,0.0002608000000003
12,20,karmarkar-karp-kg,0,132850.0,0.000226
12,20,karmarkar-karp-kg,1,434.0,0.0002299999999997
12,20,karmarkar-karp-kg,2,59920.0,0.0002279999999998
12,20,karmarkar-karp-kg,3,11219.0,0.0002251000000002
12,20,karmarkar-karp-kg,4,35690.0,0.0002238000000001
12,20,karmarkar-karp-kg,5,37753.0,0.0002271999999998
12,20,karmarkar-karp-kg,6,49768.0,0.0002244999999998
12,20,karmarkar-karp-kg,7,89270.0,0.0002271999999998
12,20,karmarkar-karp-kg,8,88672.0,0.0002560999999996
12,20,karmarkar-karp-kg,9,194759.0,0.0002331999999998
12,20,karmarkar-karp-sy,0,9942.0,0.0002710999999999
12,20,karmarkar-karp-sy,1,2160.0,0.0002651999999998
12,20,karmarkar-karp-sy,2,22163.0,0.0002797000000001
12,20,karmarkar-karp-sy,3,1538.0,0.0003436000000003
12,20,karmarkar-karp-sy,4,7316.0,0.0002731000000002
12,20,karmarkar-karp-sy,5,9591.0,0.000261
12,20,karmarkar-karp-sy,6,14332.0,0.0006338999999999
12,20,karmarkar-karp-sy,7,3788.0,0.0002495000000002
12,20,karmarkar-karp-sy,8,251.0,0.0002955999999998
12,20,karmarkar-karp-sy,9,28111.0,0.0002879
14,4,karmarkar-karp-kg,0,1.0,0.0002657999999997
14,4,karmarkar-karp-kg,1,0.0,0.0002014999999997
14,4,karmarkar-karp-kg,2,1.0,0.0001840000000004
14,4,karmarkar-karp-kg,3,1.0,0.0001945
14,4,karmarkar-karp-kg,4,1.0,0.0001696999999998
14,4,karmarkar-karp-kg,5,0.0,0.0001715999999998
14,4,karmarkar-karp-kg,6,1.0,0.0001844000000001
14,4,karmarkar-karp-kg,7,1.0,0.0001885000000001
14,4,karmarkar-karp-kg,8,1.0,0.0002499999999998
14,4,karmarkar-karp-kg,9,0.0,0.0001959999999998
14,4,karmarkar-karp-sy,0,1.0,0.0002416000000002
14,4,karmarkar-karp-sy,1,0.0,0.0002439999999999
14,4,karmarkar-karp-sy,2,0.0,0.0002673999999998
14,4,karmarkar-karp-sy,3,1.0,0.0003915000000001
14,4,karmarkar-karp-sy,4,0.0,0.0004948000000002
14,4,karmarkar-karp-sy,5,1.0,0.0004137000000001
14,4,karmarkar-karp-sy,6,1.0,0.0004341000000001
14,4,karmarkar-karp-sy,7,0.0,0.0004031000000002
14,4,karmarkar-karp-sy,8,0.0,0.0003625999999998
14,4,karmarkar-karp-sy,9,1.0,0.0002967000000002
14,8,karmarkar-karp-kg,0,19.0,0.0004312999999998
14,8,karmarkar-karp-kg,1,23.0,0.0002793999999997
14,8,karmarkar-karp-kg,2,24.0,0.0002635999999998
14,8,karmarkar-karp-kg,3,34.0,0.0003017
14,8,karmarkar-karp-kg,4,12.0,0.0003176000000002
14,8,karmarkar-karp-kg,5,8.0,0.0002947999999998
14,8,karmarkar-karp-kg,6,1.0,0.0004087999999997
14,8,karmarkar-karp-kg,7,6.0,0.0002896999999997
14,8,karmarkar-karp-kg,8,29.0,0.0002941999999999
14,8,karmarkar-karp-kg,9,24.0,0.0004423
14,8,karmarkar-karp-sy,0,1.0,0.0003070000000002
14,8,karmarkar-karp-sy,1,1.0,0.0002785999999996
14,8,karmarkar-karp-sy,2,1.0,0.0002813999999999
14,8,karmarkar-karp-sy,3,1.0,0.0003258999999999
14,8,karmarkar-karp-sy,4,0.0,0.0005254999999997
14,8,karmarkar-karp-sy,5,1.0,0.0002999999999997
14,8,karmarkar-karp-sy,6,3.0,0.0002534999999999
14,8,karmarkar-karp-sy,7,3.0,0.0003049999999999
14,8,karmarkar-karp-sy,8,1.0,0.0003213000000004
14,8,karmarkar-karp-sy,9,0.0,0.0002879
14,12,karmarkar-karp-kg,0,55.0,0.0002708
14,12,karmarkar-karp-kg,1,262.0,0.0003034000000003
14,12,karmarkar-karp-kg,2,137.0,0.0002732
14,12,karmarkar-karp-kg,3,67.0,0.0002637999999999
14,12,karmarkar-karp-kg,4,36.0,0.0003171000000001
14,12,karmarkar-karp-kg,5,171.0,0.0002718000000001
14,12,karmarkar-karp-kg,6,100.0,0.0002592000000003
14,12,karmarkar-karp-kg,7,228.0,0.0002727999999998
14,12,karmarkar-karp-kg,8,262.0,0.0002629
14,12,karmarkar-karp-kg,9,86.0,0.0002602
14,12,karmarkar-karp-sy,0,3.0,0.0002936
14,12,karmarkar-karp-sy,1,2.0,0.0002763999999997
14,12,karmarkar-karp-sy,2,27.0,0.0006521999999997
14,12,karmarkar-karp-sy,3,52.0,0.0004112999999996
14,12,karmarkar-karp-sy,4,6.0,0.0004138
14,12,karmarkar-karp-sy,5,1.0,0.0002572
14,12,karmarkar-karp-sy,6,41.0,0.0002645999999999
14,12,karmarkar-karp-sy,7,3.0,0.0002632999999998
14,12,karmarkar-karp-sy,8,11.0,0.0005048999999996
14,12,karmarkar-karp-sy,9,3.0,0.0002502999999998
14,16,karmarkar-karp-kg,0,4395.0,0.0002554999999997
14,16,karmarkar-karp-kg,1,3181.0,0.0002910000000002
14,16,karmarkar-karp-kg,2,3622.0,0.000248
14,16,karmarkar-karp-kg,3,3541.0,0.0002558999999999
14,16,karmarkar-karp-kg,4,2960.0,0.0004573999999997
14,16,karmarkar-karp-kg,5,3671.0,0.0002516999999997
14,16,karmarkar-karp-kg,6,8745.0,0.0002507999999998
14,16,karmarkar-karp-kg,7,7.0,0.0002623000000001
14,16,karmarkar-karp-kg,8,7317.0,0.0004078
14,16,karmarkar-karp-kg,9,492.0,0.0002469999999998
14,16,karmarkar-karp-sy,0,104.0,0.0002273000000001
14,16,karmarkar-karp-sy,1,1488.0,0.0004179999999998
14,16,karmarkar-karp-sy,2,216.0,0.0002501000000001
14,16,karmarkar-karp-sy,3,464.0,0.0002588999999999
14,16,karmarkar-karp-sy,4,109.0,0.0002466
14,16,karmarkar-karp-sy,5,164.0,0.0002675000000005
14,16,karmarkar-karp-sy,6,608.0,0.0002921000000002
14,16,karmarkar-karp-sy,7,101.0,0.0003390999999997
14,16,karmarkar-karp-sy,8,263.0,0.0003852000000001
14,16,karmarkar-karp-sy,9,368.0,0.0002740999999994
14,20,karmarkar-karp-kg,0,23752.0,0.0003713999999996
14,20,karmarkar-karp-kg,1,2976.0,0.0002586999999998
14,20,karmarkar-karp-kg,2,53773.0,0.0002681000000004
14,20,karmarkar-karp-kg,3,42599.0,0.0003460999999997
14,20,karmarkar-karp-kg,4,215460.0,0.0002560000000002
14,20,karmarkar-karp-kg,5,74251.0,0.0002516000000003
14,20,karmarkar-karp-kg,6,111923.0,0.0002570000000003
14,20,karmarkar-karp-kg,7,33712.0,0.0002474000000001
14,20,karmarkar-karp-kg,8,88119.0,0.0002560000000002
14,20,karmarkar-karp-kg,9,1386.0,0.0002647999999991
14,20,karmarkar-karp-sy,0,3881.0,0.0003109999999999
14,20,karmarkar-karp-sy,1,1678.0,0.0002833000000004
14,20,karmarkar-karp-sy,2,783.0,0.0002737000000001
14,20,karmarkar-karp-sy,3,2738.0,0.0004164000000006
14,20,karmarkar-karp-sy,4,129.0,0.0006716000000004
14,20,karmarkar-karp-sy,5,165.0,0.0002838
14,20,karmarkar-karp-sy,6,7465.0,0.0002988999999997
14,20,karmarkar-karp-sy,7,1718.0,0.0004011999999997
14,20,karmarkar-karp-sy,8,4605.0,0.0002856000000006
14,20,karmarkar-karp-sy,9,808.0,0.0002715000000002
16,4,karmarkar-karp-kg,0,1.0,0.0002537999999994
16,4,karmarkar-karp-kg,1,0.0,0.0002064999999999
16,4,karmarkar-karp-kg,2,0.0,0.0001932999999993
16,4,karmarkar-karp-kg,3,1.0,0.0001831999999994
16,4,karmarkar-karp-kg,4,0.0,0.0002437999999997
16,4,karmarkar-karp-kg,5,0.0,0.0002143000000005
16,4,karmarkar-karp-kg,6,0.0,0.0002067999999999
16,4,karmarkar-karp-kg,7,1.0,0.0001986
16,4,karmarkar-karp-kg,8,1.0,0.0002035999999998
16,4,karmarkar-karp-kg,9,0.0,0.0004205999999999
16,4,karmarkar-karp-sy,0,1.0,0.0006623000000001
16,4,karmarkar-karp-sy,1,1.0,0.0004268999999998
16,4,karmarkar-karp-sy,2,1.0,0.0003985000000001
16,4,karmarkar-karp-sy,3,4.0,0.0002402999999997
16,4,karmarkar-karp-sy,4,0.0,0.0002487000000002
16,4,karmarkar-karp-sy,5,0.0,0.0002731999999996
16,4,karmarkar-karp-sy,6,1.0,0.0003770999999996
16,4,karmarkar-karp-sy,7,1.0,0.0002707000000006
16,4,karmarkar-karp-sy,8,0.0,0.0002637999999999
16,4,karmarkar-karp-sy,9,0.0,0.0002577000000005
16,8,karmarkar-karp-kg,0,10.0,0.0002456000000004
16,8,karmarkar-karp-kg,1,28.0,0.0002678000000004
16,8,karmarkar-karp-kg,2,16.0,0.0002994000000002
16,8,karmarkar-karp-kg,3,18.0,0.0002746999999994
16,8,karmarkar-karp-kg,4,6.0,0.0004320999999993
16,8,karmarkar-karp-kg,5,7.0,0.0002843999999999
16,8,karmarkar-karp-kg,6,11.0,0.0002645000000001
16,8,karmarkar-karp-kg,7,19.0,0.0006656999999998
16,8,karmarkar-karp-kg,8,9.0,0.0004740999999999
16,8,karmarkar-karp-kg,9,9.0,0.0003997
16,8,karmarkar-karp-sy,0,1.0,0.0003326000000001
16,8,karmarkar-karp-sy,1,0.0,0.0003033999999999
16,8,karmarkar-karp-sy,2,1.0,0.000312
16,8,karmarkar-karp-sy,3,0.0,0.0004173000000005
16,8,karmarkar-karp-sy,4,0.0,0.0003143999999997
16,8,karmarkar-karp-sy,5,0.0,0.0003057000000001
16,8,karmarkar-karp-sy,6,1.0,0.0003446999999994
16,8,karmarkar-karp-sy,7,1.0,0.0005391000000001
16,8,karmarkar-karp-sy,8,0.0,0.0003288000000001
16,8,karmarkar-karp-sy,9,0.0,0.0002963999999998
16,12,karmarkar-karp-kg,0,39.0,0.0002999999999993
16,12,karmarkar-karp-kg,1,277.0,0.0002808999999999
16,12,karmarkar-karp-kg,2,23.0,0.0002974999999993
16,12,karmarkar-karp-kg,3,284.0,0.0003583999999996
16,12,karmarkar-karp-kg,4,31.0,0.0003098000000001
16,12,karmarkar-karp-kg,5,176.0,0.0002916000000006
16,12,karmarkar-karp-kg,6,68.0,0.0002898999999993
16,12,karmarkar-karp-kg,7,252.0,0.0003089999999996
16,12,karmarkar-karp-kg,8,271.0,0.0002953000000003
16,12,karmarkar-karp-kg,9,22.0,0.0004848000000006
16,12,karmarkar-karp-sy,0,1.0,0.0002857999999994
16,12,karmarkar-karp-sy,1,15.0,0.0002667999999994
16,12,karmarkar-karp-sy,2,37.0,0.0003003000000001
16,12,karmarkar-karp-sy,3,55.0,0.0003157000000006
16,12,karmarkar-karp-sy,4,6.0,0.0004683000000005
16,12,karmarkar-karp-sy,5,4.0,0.0002940000000002
16,12,karmarkar-karp-sy,6,30.0,0.0002927000000001
16,12,karmarkar-karp-sy,7,4.0,0.0003115999999998
16,12,karmarkar-karp-sy,8,3.0,0.0003321000000005
16,12,karmarkar-karp-sy,9,66.0,0.0002928999999998
16,16,karmarkar-karp-kg,0,1489.0,0.0002841
16,16,karmarkar-karp-kg,1,1427.0,0.0004545
16,16,karmarkar-karp-kg,2,7701.0,0.0002898
16,16,karmarkar-karp-kg,3,163.0,0.0002906999999998
16,16,karmarkar-karp-kg,4,2858.0,0.0004426999999997
16,16,karmarkar-karp-kg,5,2474.0,0.0002912999999997
16,16,karmarkar-karp-kg,6,9230.0,0.0002944000000004
16,16,karmarkar-karp-kg,7,8802.0,0.0002976000000005
16,16,karmarkar-karp-kg,8,20.0,0.0002962999999995
16,16,karmarkar-karp-kg,9,4167.0,0.0002945000000007
16,16,karmarkar-karp-sy,0,87.0,0.0002766000000002
16,16,karmarkar-karp-sy,1,56.0,0.0002608999999997
16,16,karmarkar-karp-sy,2,38.0,0.0002903000000005
16,16,karmarkar-karp-sy,3,87.0,0.0002884999999999
16,16,karmarkar-karp-sy,4,191.0,0.0002907000000007
16,16,karmarkar-karp-sy,5,175.0,0.0002903999999999
16,16,karmarkar-karp-sy,6,122.0,0.0003014999999999
16,16,karmarkar-karp-sy,7,246.0,0.0002873999999994
16,16,karmarkar-karp-sy,8,130.0,0.0002829999999995
16,16,karmarkar-karp-sy,9,310.0,0.0002490000000001
16,20,karmarkar-karp-kg,0,19570.0,0.0002821000000006
16,20,karmarkar-karp-kg,1,31826.0,0.0002991999999997
16,20,karmarkar-karp-kg,2,4129.0,0.0003012
16,20,karmarkar-karp-kg,3,142819.0,0.0002854000000001
16,20,karmarkar-karp-kg,4,81127.0,0.0002870000000001
16,20,karmarkar-karp-kg,5,29783.0,0.0003010000000003
16,20,karmarkar-karp-kg,6,29708.0,0.0002889000000001
16,20,karmarkar-karp-kg,7,85506.0,0.0002902999999996
16,20,karmarkar-karp-kg,8,2395.0,0.0002941999999999
16,20,karmarkar-karp-kg,9,72075.0,0.0003277999999999
16,20,karmarkar-karp-sy,0,2840.0,0.0002862999999999
16,20,karmarkar-karp-sy,1,781.0,0.0002544999999996
16,20,karmarkar-karp-sy,2,184.0,0.0002588000000001
16,20,karmarkar-karp-sy,3,1078.0,0.0002593000000006
16,20,karmarkar-karp-sy,4,1055.0,0.0002680000000001
16,20,karmarkar-karp-sy,5,8878.0,0.0002700000000004
16,20,karmarkar-karp-sy,6,2623.0,0.0002616999999993
16,20,karmarkar-karp-sy,7,13649.0,0.0002884000000005
16,20,karmarkar-karp-sy,8,5868.0,0.0003155999999995
16,20,karmarkar-karp-sy,9,1371.0,0.0004642999999999
18,4,karmarkar-karp-kg,0,1.0,0.0002198999999993
18,4,karmarkar-karp-kg,1,0.0,0.0002218000000002
18,4,karmarkar-karp-kg,2,1.0,0.0002591
18,4,karmarkar-karp-kg,3,1.0,0.0005946999999997
18,4,karmarkar-karp-kg,4,1.0,0.0002178999999999
18,4,karmarkar-karp-kg,5,0.0,0.0002909999999998
18,4,karmarkar-karp-kg,6,1.0,0.0002984999999995
18,4,karmarkar-karp-kg,7,0.0,0.0002402999999997
18,4,karmarkar-karp-kg,8,2.0,0.0002173
18,4,karmarkar-karp-kg,9,1.0,0.0002867999999995
18,4,karmarkar-karp-sy,0,0.0,0.0002936
18,4,karmarkar-karp-sy,1,0.0,0.0002642000000001
18,4,karmarkar-karp-sy,2,1.0,0.0003185999999999
18,4,karmarkar-karp-sy,3,1.0,0.0002662000000004
18,4,karmarkar-karp-sy,4,0.0,0.0002648
18,4,karmarkar-karp-sy,5,1.0,0.0008922
18,4,karmarkar-karp-sy,6,1.0,0.0003900999999997
18,4,karmarkar-karp-sy,7,1.0,0.0003058999999998
18,4,karmarkar-karp-sy,8,0.0,0.0002886000000001
18,4,karmarkar-karp-sy,9,0.0,0.0002778000000001
18,8,karmarkar-karp-kg,0,27.0,0.0003384999999997
18,8,karmarkar-karp-kg,1,2.0,0.0003196
18,8,karmarkar-karp-kg,2,1.0,0.0003216999999997
18,8,karmarkar-karp-kg,3,7.0,0.0003165000000002
18,8,karmarkar-karp-kg,4,1.0,0.0003678000000002
18,8,karmarkar-karp-kg,5,18.0,0.0003168999999996
18,8,karmarkar-karp-kg,6,5.0,0.0003109000000005
18,8,karmarkar-karp-kg,7,7.0,0.0005318
18,8,karmarkar-karp-kg,8,9.0,0.0005328000000002
18,8,karmarkar-karp-kg,9,63.0,0.0005208000000003
18,8,karmarkar-karp-sy,0,0.0,0.000375
18,8,karmarkar-karp-sy,1,1.0,0.0003592999999995
18,8,karmarkar-karp-sy,2,0.0,0.0003541
18,8,karmarkar-karp-sy,3,0.0,0.0004533999999996
18,8,karmarkar-karp-sy,4,1.0,0.0006088000000001
18,8,karmarkar-karp-sy,5,1.0,0.0003609000000004
18,8,karmarkar-karp-sy,6,4.0,0.0003821000000003
18,8,karmarkar-karp-sy,7,1.0,0.0004010999999994
18,8,karmarkar-karp-sy,8,0.0,0.0003693999999994
18,8,karmarkar-karp-sy,9,1.0,0.0003557
18,12,karmarkar-karp-kg,0,513.0,0.0003928999999995
18,12,karmarkar-karp-kg,1,371.0,0.0003810999999993
18,12,karmarkar-karp-kg,2,126.0,0.0003837999999998
18,12,karmarkar-karp-kg,3,67.0,0.0007215999999994
18,12,karmarkar-karp-kg,4,392.0,0.0003742000000004
18,12,karmarkar-karp-kg,5,380.0,0.0004417999999999
18,12,karmarkar-karp-kg,6,113.0,0.0003482000000003
18,12,karmarkar-karp-kg,7,170.0,0.0003696999999993
18,12,karmarkar-karp-kg,8,20.0,0.0003745999999997
18,12,karmarkar-karp-kg,9,75.0,0.0003780000000004
18,12,karmarkar-karp-sy,0,4.0,0.0002985000000004
18,12,karmarkar-karp-sy,1,17.0,0.0002864000000002
18,12,karmarkar-karp-sy,2,16.0,0.0003094999999992
18,12,karmarkar-karp-sy,3,1.0,0.0003419999999998
18,12,karmarkar-karp-sy,4,6.0,0.0003057000000001
18,12,karmarkar-karp-sy,5,2.0,0.0003386
18,12,karmarkar-karp-sy,6,2.0,0.0003498000000003
18,12,karmarkar-karp-sy,7,2.0,0.0005877999999999
18,12,karmarkar-karp-sy,8,4.0,0.0003209999999995
18,12,karmarkar-karp-sy,9,6.0,0.0004820000000007
18,16,karmarkar-karp-kg,0,286.0,0.0003510999999996
18,16,karmarkar-karp-kg,1,1400.0,0.0003469000000002
18,16,karmarkar-karp-kg,2,413.0,0.0004661999999999
18,16,karmarkar-karp-kg,3,4385.0,0.0003504000000003
18,16,karmarkar-karp-kg,4,556.0,0.0003619999999999
18,16,karmarkar-karp-kg,5,5558.0,0.0003657000000005
18,16,karmarkar-karp-kg,6,4673.0,0.0005404000000002
18,16,karmarkar-karp-kg,7,1447.0,0.0004775000000005
18,16,karmarkar-karp-kg,8,303.0,0.0003622999999999
18,16,karmarkar-karp-kg,9,609.0,0.0003590999999998
18,16,karmarkar-karp-sy,0,102.0,0.0003644000000004
18,16,karmarkar-karp-sy,1,184.0,0.0005627999999999
18,16,karmarkar-karp-sy,2,113.0,0.0003229999999998
18,16,karmarkar-karp-sy,3,61.0,0.0004109999999997
18,16,karmarkar-karp-sy,4,32.0,0.0002877999999997
18,16,karmarkar-karp-sy,5,661.0,0.0005521000000001
18,16,karmarkar-karp-sy,6,6.0,0.0004060999999992
18,16,karmarkar-karp-sy,7,11.0,0.0003475000000001
18,16,karmarkar-karp-sy,8,25.0,0.0005918999999998
18,16,karmarkar-karp-sy,9,746.0,0.0005517999999993
18,20,karmarkar-karp-kg,0,27562.0,0.0007004999999997
18,20,karmarkar-karp-kg,1,24654.0,0.0004562999999997
18,20,karmarkar-karp-kg,2,18443.0,0.0004262000000005
18,20,karmarkar-karp-kg,3,146383.0,0.0004397000000002
18,20,karmarkar-karp-kg,4,1193.0,0.0004475999999993
18,20,karmarkar-karp-kg,5,122238.0,0.0007070999999996
18,20,karmarkar-karp-kg,6,23361.0,0.0007298000000002
18,20,karmarkar-karp-kg,7,45641.0,0.0007372999999999
18,20,karmarkar-karp-kg,8,53899.0,0.0004287999999998
18,20,karmarkar-karp-kg,9,107943.0,0.0004204999999997
18,20,karmarkar-karp-sy,0,556.0,0.0007110000000007
18,20,karmarkar-karp-sy,1,12139.0,0.0003744000000001
18,20,karmarkar-karp-sy,2,4014.0,0.0003508000000005
18,20,karmarkar-karp-sy,3,721.0,0.0004758000000002
18,20,karmarkar-karp-sy,4,142.0,0.0003569999999992
18,20,karmarkar-karp-sy,5,1410.0,0.0003636999999994
18,20,karmarkar-karp-sy,6,1329.0,0.0004023000000001
18,20,karmarkar-karp-sy,7,2338.0,0.0004170999999999
18,20,karmarkar-karp-sy,8,307.0,0.0003356999999999
18,20,karmarkar-karp-sy,9,339.0,0.000337
20,4,karmarkar-karp-kg,0,0.0,0.0002490000000001
20,4,karmarkar-karp-kg,1,1.0,0.0002423
20,4,karmarkar-karp-kg,2,1.0,0.0002560000000002
20,4,karmarkar-karp-kg,3,0.0,0.0002680000000001
20,4,karmarkar-karp-kg,4,0.0,0.0004194000000001
20,4,karmarkar-karp-kg,5,0.0,0.0002263000000004
20,4,karmarkar-karp-kg,6,0.0,0.0002535000000003
20,4,karmarkar-karp-kg,7,1.0,0.0004364000000007
20,4,karmarkar-karp-kg,8,1.0,0.0002566999999995
20,4,karmarkar-karp-kg,9,1.0,0.0002696000000002
20,4,karmarkar-karp-sy,0,1.0,0.0003458999999992
20,4,karmarkar-karp-sy,1,0.0,0.0003221999999993
20,4,karmarkar-karp-sy,2,0.0,0.0003127999999996
20,4,karmarkar-karp-sy,3,1.0,0.0005728999999998
20,4,karmarkar-karp-sy,4,0.0,0.0003311000000003
20,4,karmarkar-karp-sy,5,0.0,0.0003045000000003
20,4,karmarkar-karp-sy,6,0.0,0.0003033999999999
20,4,karmarkar-karp-sy,7,1.0,0.0003352000000003
20,4,karmarkar-karp-sy,8,0.0,0.0003165999999996
20,4,karmarkar-karp-sy,9,1.0,0.0003229999999998
20,8,karmarkar-karp-kg,0,1.0,0.0003672000000003
20,8,karmarkar-karp-kg,1,22.0,0.0003707999999997
20,8,karmarkar-karp-kg,2,14.0,0.0003844000000006
20,8,karmarkar-karp-kg,3,16.0,0.0003497000000001
20,8,karmarkar-karp-kg,4,12.0,0.0003482000000003
20,8,karmarkar-karp-kg,5,6.0,0.0004213999999995
20,8,karmarkar-karp-kg,6,6.0,0.0003513999999995
20,8,karmarkar-karp-kg,7,3.0,0.0003854999999992
20,8,karmarkar-karp-kg,8,1.0,0.0006927000000001
20,8,karmarkar-karp-kg,9,1.0,0.0004531000000005
20,8,karmarkar-karp-sy,0,1.0,0.0003200000000003
20,8,karmarkar-karp-sy,1,0.0,0.0011407000000005
20,8,karmarkar-karp-sy,2,0.0,0.0006536999999999
20,8,karmarkar-karp-sy,3,0.0,0.0006466000000004
20,8,karmarkar-karp-sy,4,1.0,0.0008412999999993
20,8,karmarkar-karp-sy,5,0.0,0.0005974000000001
20,8,karmarkar-karp-sy,6,2.0,0.0008331999999997
20,8,karmarkar-karp-sy,7,1.0,0.0004457999999996
20,8,karmarkar-karp-sy,8,0.0,0.0006761000000006
20,8,karmarkar-karp-sy,9,0.0,0.0008220000000003
20,12,karmarkar-karp-kg,0,98.0,0.0004878999999995
20,12,karmarkar-karp-kg,1,126.0,0.0004704999999995
20,12,karmarkar-karp-kg,2,110.0,0.0006471999999995
20,12,karmarkar-karp-kg,3,31.0,0.0007144999999999
20,12,karmarkar-karp-kg,4,240.0,0.0004913000000001
20,12,karmarkar-karp-kg,5,98.0,0.0005312000000001
20,12,karmarkar-karp-kg,6,221.0,0.0006020000000006
20,12,karmarkar-karp-kg,7,2.0,0.0008985999999993
20,12,karmarkar-karp-kg,8,17.0,0.0007663999999998
20,12,karmarkar-karp-kg,9,78.0,0.0004457999999996
20,12,karmarkar-karp-sy,0,6.0,0.0003979999999996
20,12,karmarkar-karp-sy,1,1.0,0.0003913000000004
20,12,karmarkar-karp-sy,2,5.0,0.0004099000000001
20,12,karmarkar-karp-sy,3,7.0,0.0005494999999999
20,12,karmarkar-karp-sy,4,1.0,0.0004610999999998
20,12,karmarkar-karp-sy,5,3.0,0.000464
20,12,karmarkar-karp-sy,6,3.0,0.0004084999999998
20,12,karmarkar-karp-sy,7,13.0,0.0003697999999996
20,12,karmarkar-karp-sy,8,2.0,0.0003978999999993
20,12,karmarkar-karp-sy,9,29.0,0.0004043000000004
20,16,karmarkar-karp-kg,0,1241.0,0.0005912999999999
20,16,karmarkar-karp-kg,1,6117.0,0.0009104000000004
20,16,karmarkar-karp-kg,2,574.0,0.0004847999999997
20,16,karmarkar-karp-kg,3,4019.0,0.0004406999999995
20,16,karmarkar-karp-kg,4,2046.0,0.0006686
20,16,karmarkar-karp-kg,5,2284.0,0.0004454000000002
20,16,karmarkar-karp-kg,6,215.0,0.0011088999999993
20,16,karmarkar-karp-kg,7,1316.0,0.0008105
20,16,karmarkar-karp-kg,8,1464.0,0.0007283999999998
20,16,karmarkar-karp-kg,9,2.0,0.0004482000000001
20,16,karmarkar-karp-sy,0,80.0,0.0003231000000001
20,16,karmarkar-karp-sy,1,114.0,0.0004286000000002
20,16,karmarkar-karp-sy,2,39.0,0.0003182000000006
20,16,karmarkar-karp-sy,3,3.0,0.0008483000000003
20,16,karmarkar-karp-sy,4,72.0,0.0003206000000002
20,16,karmarkar-karp-sy,5,345.0,0.0003395000000008
20,16,karmarkar-karp-sy,6,194.0,0.0006482999999999
20,16,karmarkar-karp-sy,7,47.0,0.0003468999999984
20,16,karmarkar-karp-sy,8,68.0,0.0003478999999995
20,16,karmarkar-karp-sy,9,52.0,0.0003495000000004
20,20,karmarkar-karp-kg,0,13049.0,0.000421300000001
20,20,karmarkar-karp-kg,1,47465.0,0.0004281999999999
20,20,karmarkar-karp-kg,2,23262.0,0.0004191999999996
20,20,karmarkar-karp-kg,3,647.0,0.0004369999999997
20,20,karmarkar-karp-kg,4,24999.0,0.0004822999999998
20,20,karmarkar-karp-kg,5,8021.0,0.0004494000000008
20,20,karmarkar-karp-kg,6,10495.0,0.0004425000000001
20,20,karmarkar-karp-kg,7,5233.0,0.0004916999999995
20,20,karmarkar-karp-kg,8,22489.0,0.0008566999999999
20,20,karmarkar-karp-kg,9,84457.0,0.0004326999999992
20,20,karmarkar-karp-sy,0,1329.0,0.0004281999999999
20,20,karmarkar-karp-sy,1,1763.0,0.0003501000000003
20,20,karmarkar-karp-sy,2,540.0,0.0003764000000003
20,20,karmarkar-karp-sy,3,169.0,0.0003855999999995
20,20,karmarkar-karp-sy,4,167.0,0.0003265999999992
20,20,karmarkar-karp-sy,5,228.0,0.0003415000000011
20,20,karmarkar-karp-sy,6,785.0,0.0003061999999989
20,20,karmarkar-karp-sy,7,419.0,0.0009233000000001
20,20,karmarkar-karp-sy,8,1077.0,0.0003605999999987
20,20,karmarkar-karp-sy,9,1137.0,0.0003589000000001
22,4,karmarkar-karp-kg,0,0.0,0.0002880999999987
22,4,karmarkar-karp-kg,1,0.0,0.0002996999999993
22,4,karmarkar-karp-kg,2,2.0,0.0003088000000008
22,4,karmarkar-karp-kg,3,0.0,0.0002877999999988
22,4,karmarkar-karp-kg,4,2.0,0.0002736999999992
22,4,karmarkar-karp-kg,5,1.0,0.0002916000000006
22,4,karmarkar-karp-kg,6,0.0,0.0002759999999994
22,4,karmarkar-karp-kg,7,1.0,0.0002883000000011
22,4,karmarkar-karp-kg,8,1.0,0.0002703999999997
22,4,karmarkar-karp-kg,9,0.0,0.0002805999999999
22,4,karmarkar-karp-sy,0,1.0,0.0003554999999995
22,4,karmarkar-karp-sy,1,1.0,0.0007651000000006
22,4,karmarkar-karp-sy,2,0.0,0.0003846999999996
22,4,karmarkar-karp-sy,3,0.0,0.0004234000000007
22,4,karmarkar-karp-sy,4,1.0,0.0003741000000001
22,4,karmarkar-karp-sy,5,0.0,0.000354699999999
22,4,karmarkar-karp-sy,6,0.0,0.0003489000000005
22,4,karmarkar-karp-sy,7,0.0,0.0003328000000006
22,4,karmarkar-karp-sy,8,0.0,0.0003519
22,4,karmarkar-karp-sy,9,0.0,0.0003469000000002
22,8,karmarkar-karp-kg,0,9.0,0.0004057999999993
22,8,karmarkar-karp-kg,1,11.0,0.0004627999999993
22,8,karmarkar-karp-kg,2,13.0,0.0004239000000012
22,8,karmarkar-karp-kg,3,1.0,0.0004363999999998
22,8,karmarkar-karp-kg,4,6.0,0.0004378999999996
22,8,karmarkar-karp-kg,5,4.0,0.0004194999999995
22,8,karmarkar-karp-kg,6,3.0,0.0004059999999999
22,8,karmarkar-karp-kg,7,19.0,0.0004191000000002
22,8,karmarkar-karp-kg,8,8.0,0.0004132000000005
22,8,karmarkar-karp-kg,9,2.0,0.0004401000000004
22,8,karmarkar-karp-sy,0,2.0,0.0003779999999995
22,8,karmarkar-karp-sy,1,1.0,0.0003820000000001
22,8,karmarkar-karp-sy,2,1.0,0.0003616999999991
22,8,karmarkar-karp-sy,3,1.0,0.0003624999999995
22,8,karmarkar-karp-sy,4,0.0,0.0006502000000008
22,8,karmarkar-karp-sy,5,0.0,0.0003915000000009
22,8,karmarkar-karp-sy,6,1.0,0.0003702000000007
22,8,karmarkar-karp-sy,7,4.0,0.0003700000000002
22,8,karmarkar-karp-sy,8,0.0,0.0003732000000002
22,8,karmarkar-karp-sy,9,0.0,0.0006729000000014
22,12,karmarkar-karp-kg,0,66.0,0.0005401999999996
22,12,karmarkar-karp-kg,1,179.0,0.0004933000000004
22,12,karmarkar-karp-kg,2,152.0,0.0004969999999993
22,12,karmarkar-karp-kg,3,426.0,0.0004816999999999
22,12,karmarkar-karp-kg,4,42.0,0.0004606000000002
22,12,karmarkar-karp-kg,5,58.0,0.0004828999999997
22,12,karmarkar-karp-kg,6,264.0,0.0004650999999995
22,12,karmarkar-karp-kg,7,42.0,0.0004488999999985
22,12,karmarkar-karp-kg,8,272.0,0.0005466999999992
22,12,karmarkar-karp-kg,9,131.0,0.0005696999999997
22,12,karmarkar-karp-sy,0,4.0,0.0004419999999996
22,12,karmarkar-karp-sy,1,2.0,0.0005228999999999
22,12,karmarkar-karp-sy,2,2.0,0.0003758999999998
22,12,karmarkar-karp-sy,3,4.0,0.0003697999999996
22,12,karmarkar-karp-sy,4,2.0,0.0006661999999995
22,12,karmarkar-karp-sy,5,1.0,0.0005131000000009
22,12,karmarkar-karp-sy,6,1.0,0.0007104000000008
22,12,karmarkar-karp-sy,7,0.0,0.000401
22,12,karmarkar-karp-sy,8,32.0,0.0005332999999989
22,12,karmarkar-karp-sy,9,7.0,0.0003589999999995
22,16,karmarkar-karp-kg,0,5458.0,0.0005489999999994
22,16,karmarkar-karp-kg,1,1122.0,0.0006173999999994
22,16,karmarkar-karp-kg,2,1092.0,0.000481800000001
22,16,karmarkar-karp-kg,3,1356.0,0.0005028999999989
22,16,karmarkar-karp-kg,4,646.0,0.0004872000000002
22,16,karmarkar-karp-kg,5,1446.0,0.0005003999999999
22,16,karmarkar-karp-kg,6,1459.0,0.0004907000000002
22,16,karmarkar-karp-kg,7,896.0,0.0004790000000003
22,16,karmarkar-karp-kg,8,1523.0,0.000489700000001
22,16,karmarkar-karp-kg,9,694.0,0.0004892000000005
22,16,karmarkar-karp-sy,0,13.0,0.0003589000000001
22,16,karmarkar-karp-sy,1,18.0,0.0003604999999993
22,16,karmarkar-karp-sy,2,95.0,0.0003823
22,16,karmarkar-karp-sy,3,55.0,0.0004004999999995
22,16,karmarkar-karp-sy,4,0.0,0.0003948000000004
22,16,karmarkar-karp-sy,5,72.0,0.0003178000000012
22,16,karmarkar-karp-sy,6,8.0,0.0004065999999998
22,16,karmarkar-karp-sy,7,73.0,0.0003486999999999
22,16,karmarkar-karp-sy,8,1.0,0.0003565000000005
22,16,karmarkar-karp-sy,9,28.0,0.000402300000001
22,20,karmarkar-karp-kg,0,3745.0,0.0005474000000003
22,20,karmarkar-karp-kg,1,10658.0,0.0009890999999999
22,20,karmarkar-karp-kg,2,20870.0,0.0005681000000006
22,20,karmarkar-karp-kg,3,25248.0,0.0005073000000006
22,20,karmarkar-karp-kg,4,103883.0,0.0005012000000004
22,20,karmarkar-karp-kg,5,25199.0,0.0005860999999995
22,20,karmarkar-karp-kg,6,44569.0,0.0005700999999991
22,20,karmarkar-karp-kg,7,17483.0,0.0005841999999987
22,20,karmarkar-karp-kg,8,942.0,0.0005015999999997
22,20,karmarkar-karp-kg,9,19172.0,0.0004999999999988
22,20,karmarkar-karp-sy,0,3011.0,0.000407599999999
22,20,karmarkar-karp-sy,1,711.0,0.0004559999999997
22,20,karmarkar-karp-sy,2,376.0,0.0003745999999988
22,20,karmarkar-karp-sy,3,472.0,0.0006056
22,20,karmarkar-karp-sy,4,4866.0,0.0007542000000011
22,20,karmarkar-karp-sy,5,1744.0,0.0007684000000001
22,20,karmarkar-karp-sy,6,412.0,0.0008462999999991
22,20,karmarkar-karp-sy,7,1283.0,0.0004700999999993
22,20,karmarkar-karp-sy,8,421.0,0.0004325000000005
22,20,karmarkar-karp-sy,9,1491.0,0.0004524000000003
24,4,karmarkar-karp-kg,0,1.0,0.0003340999999998
24,4,karmarkar-karp-kg,1,0.0,0.0008429000000003
24,4,karmarkar-karp-kg,2,1.0,0.0003820000000001
24,4,karmarkar-karp-kg,3,1.0,0.0003413999999999
24,4,karmarkar-karp-kg,4,0.0,0.0003612000000003
24,4,karmarkar-karp-kg,5,0.0,0.0003437000000001
24,4,karmarkar-karp-kg,6,0.0,0.0003553000000007
24,4,karmarkar-karp-kg,7,1.0,0.0003360000000007
24,4,karmarkar-karp-kg,8,0.0,0.0003390999999997
24,4,karmarkar-karp-kg,9,1.0,0.0003552000000013
24,4,karmarkar-karp-sy,0,0.0,0.0004744999999992
24,4,karmarkar-karp-sy,1,0.0,0.0004001999999996
24,4,karmarkar-karp-sy,2,0.0,0.0004261999999997
24,4,karmarkar-karp-sy,3,1.0,0.0008289999999995
24,4,karmarkar-karp-sy,4,0.0,0.0004461000000013
24,4,karmarkar-karp-sy,5,1.0,0.0009019999999999
24,4,karmarkar-karp-sy,6,0.0,0.0009417000000002
24,4,karmarkar-karp-sy,7,1.0,0.0006299999999992
24,4,karmarkar-karp-sy,8,1.0,0.0004781999999998
24,4,karmarkar-karp-sy,9,1.0,0.0004345999999983
24,8,karmarkar-karp-kg,0,10.0,0.0005943999999988
24,8,karmarkar-karp-kg,1,11.0,0.0010052999999992
24,8,karmarkar-karp-kg,2,3.0,0.0005112
24,8,karmarkar-karp-kg,3,4.0,0.0004954000000001
24,8,karmarkar-karp-kg,4,30.0,0.0005295000000007
24,8,karmarkar-karp-kg,5,21.0,0.0005407999999995
24,8,karmarkar-karp-kg,6,1.0,0.0010435000000015
24,8,karmarkar-karp-kg,7,7.0,0.0005486000000001
24,8,karmarkar-karp-kg,8,4.0,0.0005588000000003
24,8,karmarkar-karp-kg,9,20.0,0.0005769000000004
24,8,karmarkar-karp-sy,0,0.0,0.0004418000000008
24,8,karmarkar-karp-sy,1,0.0,0.0004846999999994
24,8,karmarkar-karp-sy,2,0.0,0.0003951999999998
24,8,karmarkar-karp-sy,3,1.0,0.0004279999999994
24,8,karmarkar-karp-sy,4,0.0,0.0004263000000008
24,8,karmarkar-karp-sy,5,1.0,0.0004610999999989
24,8,karmarkar-karp-sy,6,0.0,0.0003939000000006
24,8,karmarkar-karp-sy,7,0.0,0.0003858000000001
24,8,karmarkar-karp-sy,8,0.0,0.0003840999999997
24,8,karmarkar-karp-sy,9,0.0,0.0003843000000003
24,12,karmarkar-karp-kg,0,106.0,0.0005720999999994
24,12,karmarkar-karp-kg,1,124.0,0.0005722999999999
24,12,karmarkar-karp-kg,2,14.0,0.0005700999999991
24,12,karmarkar-karp-kg,3,0.0,0.0005273000000016
24,12,karmarkar-karp-kg,4,37.0,0.0005752000000001
24,12,karmarkar-karp-kg,5,94.0,0.0005568999999994
24,12,karmarkar-karp-kg,6,612.0,0.0010504000000004
24,12,karmarkar-karp-kg,7,33.0,0.0006689000000008
24,12,karmarkar-karp-kg,8,114.0,0.0006184999999998
24,12,karmarkar-karp-kg,9,6.0,0.000550500000001
24,12,karmarkar-karp-sy,0,4.0,0.0004454999999996
24,12,karmarkar-karp-sy,1,10.0,0.0003548000000002
24,12,karmarkar-karp-sy,2,3.0,0.0004491000000008
24,12,karmarkar-karp-sy,3,1.0,0.0006655000000002
24,12,karmarkar-karp-sy,4,2.0,0.0004810000000006
24,12,karmarkar-karp-sy,5,0.0,0.0003868999999987
24,12,karmarkar-karp-sy,6,2.0,0.0004112000000002
24,12,karmarkar-karp-sy,7,4.0,0.000392699999999
24,12,karmarkar-karp-sy,8,1.0,0.0003773000000002
24,12,karmarkar-karp-sy,9,2.0,0.0004184000000009
24,16,karmarkar-karp-kg,0,625.0,0.0006322
24,16,karmarkar-karp-kg,1,924.0,0.0005573999999999
24,16,karmarkar-karp-kg,2,1032.0,0.0005976000000007
24,16,karmarkar-karp-kg,3,1793.0,0.0006418999999997
24,16,karmarkar-karp-kg,4,393.0,0.0006084999999984
24,16,karmarkar-karp-kg,5,2723.0,0.000551399999999
24,16,karmarkar-karp-kg,6,1759.0,0.0005801000000005
24,16,karmarkar-karp-kg,7,209.0,0.0005751000000007
24,16,karmarkar-karp-kg,8,1649.0,0.0009443999999998
24,16,karmarkar-karp-kg,9,4663.0,0.0006237000000002
24,16,karmarkar-karp-sy,0,20.0,0.0003816000000007
24,16,karmarkar-karp-sy,1,9.0,0.0004530000000002
24,16,karmarkar-karp-sy,2,33.0,0.0005325000000002
24,16,karmarkar-karp-sy,3,323.0,0.0004428999999994
24,16,karmarkar-karp-sy,4,22.0,0.0004086999999994
24,16,karmarkar-karp-sy,5,216.0,0.0003779000000001
24,16,karmarkar-karp-sy,6,5.0,0.0004117000000007
24,16,karmarkar-karp-sy,7,25.0,0.0003805000000003
24,16,karmarkar-karp-sy,8,40.0,0.0004197999999995
24,16,karmarkar-karp-sy,9,15.0,0.0007546999999998
24,20,karmarkar-karp-kg,0,1206.0,0.0005608000000005
24,20,karmarkar-karp-kg,1,1063.0,0.0005583999999991
24,20,karmarkar-karp-kg,2,28915.0,0.0005749000000001
24,20,karmarkar-karp-kg,3,81598.0,0.0005904000000001
24,20,karmarkar-karp-kg,4,54849.0,0.0005711999999995
24,20,karmarkar-karp-kg,5,24656.0,0.0005713000000007
24,20,karmarkar-karp-kg,6,58001.0,0.0006287999999994
24,20,karmarkar-karp-kg,7,4342.0,0.0005608999999999
24,20,karmarkar-karp-kg,8,29564.0,0.0005749000000001
24,20,karmarkar-karp-kg,9,22466.0,0.0005847000000009
24,20,karmarkar-karp-sy,0,534.0,0.0004235999999995
24,20,karmarkar-karp-sy,1,620.0,0.0003798999999986
24,20,karmarkar-karp-sy,2,32.0,0.000385099999999
24,20,karmarkar-karp-sy,3,136.0,0.0003972999999994
24,20,karmarkar-karp-sy,4,283.0,0.0005417999999988
24,20,karmarkar-karp-sy,5,199.0,0.0004005999999989
24,20,karmarkar-karp-sy,6,118.0,0.0004148999999991
24,20,karmarkar-karp-sy,7,170.0,0.0003659000000002
24,20,karmarkar-karp-sy,8,195.0,0.0003718999999993
24,20,karmarkar-karp-sy,9,81.0,0.0007593000000003
26,4,karmarkar-karp-kg,0,1.0,0.0003948999999998
26,4,karmarkar-karp-kg,1,0.0,0.0003261000000005
26,4,karmarkar-karp-kg,2,0.0,0.0003068000000006
26,4,karmarkar-karp-kg,3,1.0,0.0003507999999996
26,4,karmarkar-karp-kg,4,0.0,0.0003457999999998
26,4,karmarkar-karp-kg,5,1.0,0.000349400000001
26,4,karmarkar-karp-kg,6,0.0,0.0004679999999996
26,4,karmarkar-karp-kg,7,1.0,0.0003519999999994
26,4,karmarkar-karp-kg,8,2.0,0.0006029000000005
26,4,karmarkar-karp-kg,9,1.0,0.0004854000000005
26,4,karmarkar-karp-sy,0,0.0,0.0003595999999994
26,4,karmarkar-karp-sy,1,1.0,0.0003937
26,4,karmarkar-karp-sy,2,0.0,0.0003843000000003
26,4,karmarkar-karp-sy,3,1.0,0.0003779000000001
26,4,karmarkar-karp-sy,4,1.0,0.0003843000000003
26,4,karmarkar-karp-sy,5,1.0,0.0004225999999984
26,4,karmarkar-karp-sy,6,0.0,0.0003878999999997
26,4,karmarkar-karp-sy,7,0.0,0.0004017999999987
26,4,karmarkar-karp-sy,8,0.0,0.0005107999999989
26,4,karmarkar-karp-sy,9,1.0,0.0004007999999995
26,8,karmarkar-karp-kg,0,12.0,0.0005167000000003
26,8,karmarkar-karp-kg,1,3.0,0.0006211
26,8,karmarkar-karp-kg,2,11.0,0.0004947000000008
26,8,karmarkar-karp-kg,3,27.0,0.0004726999999995
26,8,karmarkar-karp-kg,4,6.0,0.0006231999999997
26,8,karmarkar-karp-kg,5,13.0,0.0005500999999998
26,8,karmarkar-karp-kg,6,21.0,0.0005427000000004
26,8,karmarkar-karp-kg,7,6.0,0.0005541999999998
26,8,karmarkar-karp-kg,8,7.0,0.0005680999999988
26,8,karmarkar-karp-kg,9,6.0,0.0005331000000001
26,8,karmarkar-karp-sy,0,1.0,0.0004425000000001
26,8,karmarkar-karp-sy,1,1.0,0.0003936000000006
26,8,karmarkar-karp-sy,2,0.0,0.000755100000001
26,8,karmarkar-karp-sy,3,1.0,0.0004109000000003
26,8,karmarkar-karp-sy,4,1.0,0.0004533999999996
26,8,karmarkar-karp-sy,5,1.0,0.0004193000000007
26,8,karmarkar-karp-sy,6,1.0,0.000362299999999
26,8,karmarkar-karp-sy,7,0.0,0.0003633999999994
26,8,karmarkar-karp-sy,8,0.0,0.0004211000000005
26,8,karmarkar-karp-sy,9,0.0,0.0006647999999991
26,12,karmarkar-karp-kg,0,251.0,0.0006091000000001
26,12,karmarkar-karp-kg,1,78.0,0.0006266000000003
26,12,karmarkar-karp-kg,2,157.0,0.0005928000000015
26,12,karmarkar-karp-kg,3,3.0,0.0006051999999989
26,12,karmarkar-karp-kg,4,1.0,0.0005895000000002
26,12,karmarkar-karp-kg,5,83.0,0.0009958000000001
26,12,karmarkar-karp-kg,6,2.0,0.0005868000000006
26,12,karmarkar-karp-kg,7,30.0,0.0011144999999999
26,12,karmarkar-karp-kg,8,12.0,0.0006439
26,12,karmarkar-karp-kg,9,96.0,0.0006573999999996
26,12,karmarkar-karp-sy,0,1.0,0.0003977000000006
26,12,karmarkar-karp-sy,1,0.0,0.0004887999999994
26,12,karmarkar-karp-sy,2,5.0,0.0004264000000002
26,12,karmarkar-karp-sy,3,2.0,0.0004252999999998
26,12,karmarkar-karp-sy,4,0.0,0.0004679000000002
26,12,karmarkar-karp-sy,5,1.0,0.0004109000000003
26,12,karmarkar-karp-sy,6,5.0,0.0007927000000016
26,12,karmarkar-karp-sy,7,1.0,0.0003864
26,12,karmarkar-karp-sy,8,1.0,0.0004048999999994
26,12,karmarkar-karp-sy,9,1.0,0.0006833000000003
26,16,karmarkar-karp-kg,0,1053.0,0.0009288999999998
26,16,karmarkar-karp-kg,1,414.0,0.0011668999999994
26,16,karmarkar-karp-kg,2,298.0,0.0006237999999996
26,16,karmarkar-karp-kg,3,580.0,0.0006193000000003
26,16,karmarkar-karp-kg,4,10730.0,0.0006231999999997
26,16,karmarkar-karp-kg,5,2110.0,0.0006143999999999
26,16,karmarkar-karp-kg,6,684.0,0.000616299999999
26,16,karmarkar-karp-kg,7,8044.0,0.0009923999999994
26,16,karmarkar-karp-kg,8,483.0,0.0006014000000007
26,16,karmarkar-karp-kg,9,466.0,0.0006094999999994
26,16,karmarkar-karp-sy,0,8.0,0.0005470000000009
26,16,karmarkar-karp-sy,1,62.0,0.000433899999999
26,16,karmarkar-karp-sy,2,3.0,0.0003783000000012
26,16,karmarkar-karp-sy,3,5.0,0.0004097999999999
26,16,karmarkar-karp-sy,4,2.0,0.0003861999999994
26,16,karmarkar-karp-sy,5,174.0,0.000407599999999
26,16,karmarkar-karp-sy,6,10.0,0.0003676999999999
26,16,karmarkar-karp-sy,7,58.0,0.0003653000000003
26,16,karmarkar-karp-sy,8,110.0,0.0003822000000006
26,16,karmarkar-karp-sy,9,8.0,0.0003922000000002
26,20,karmarkar-karp-kg,0,15029.0,0.0008011999999997
26,20,karmarkar-karp-kg,1,13798.0,0.0006016000000013
26,20,karmarkar-karp-kg,2,21656.0,0.0014283000000006
26,20,karmarkar-karp-kg,3,118.0,0.001156700000001
26,20,karmarkar-karp-kg,4,16423.0,0.0012430999999999
26,20,karmarkar-karp-kg,5,63773.0,0.0013109999999993
26,20,karmarkar-karp-kg,6,10021.0,0.0011081000000014
26,20,karmarkar-karp-kg,7,37512.0,0.0013816999999995
26,20,karmarkar-karp-kg,8,36732.0,0.0008266999999992
26,20,karmarkar-karp-kg,9,40476.0,0.0007255999999991
26,20,karmarkar-karp-sy,0,175.0,0.0004597000000003
26,20,karmarkar-karp-sy,1,48.0,0.0004439000000004
26,20,karmarkar-karp-sy,2,763.0,0.0005981000000012
26,20,karmarkar-karp-sy,3,2251.0,0.0004222000000009
26,20,karmarkar-karp-sy,4,624.0,0.0004101999999992
26,20,karmarkar-karp-sy,5,114.0,0.0004262999999991
26,20,karmarkar-karp-sy,6,748.0,0.0006127999999989
26,20,karmarkar-karp-sy,7,310.0,0.0006637999999998
26,20,karmarkar-karp-sy,8,148.0,0.0004618999999994
26,20,karmarkar-karp-sy,9,1223.0,0.0004756000000014
30,4,karmarkar-karp-kg,0,1.0,0.0005231000000005
30,4,karmarkar-karp-kg,1,1.0,0.0007321999999998
30,4,karmarkar-karp-kg,2,0.0,0.0003925000000002
30,4,karmarkar-karp-kg,3,1.0,0.0005040999999987
30,4,karmarkar-karp-kg,4,1.0,0.0003600999999999
30,4,karmarkar-karp-kg,5,1.0,0.0005588999999996
30,4,karmarkar-karp-kg,6,1.0,0.0003653000000003
30,4,karmarkar-karp-kg,7,2.0,0.0004346000000001
30,4,karmarkar-karp-kg,8,0.0,0.0004191000000002
30,4,karmarkar-karp-kg,9,1.0,0.0004300999999991
30,4,karmarkar-karp-sy,0,0.0,0.0007495000000012
30,4,karmarkar-karp-sy,1,0.0,0.0006286000000006
30,4,karmarkar-karp-sy,2,1.0,0.0004684000000008
30,4,karmarkar-karp-sy,3,0.0,0.0004802000000001
30,4,karmarkar-karp-sy,4,0.0,0.0005404000000002
30,4,karmarkar-karp-sy,5,0.0,0.0005062999999996
30,4,karmarkar-karp-sy,6,1.0,0.0004451999999997
30,4,karmarkar-karp-sy,7,0.0,0.0004311000000001
30,4,karmarkar-karp-sy,8,0.0,0.000411699999999
30,4,karmarkar-karp-sy,9,1.0,0.0004365999999986
30,8,karmarkar-karp-kg,0,14.0,0.0007394000000005
30,8,karmarkar-karp-kg,1,14.0,0.0008338999999999
30,8,karmarkar-karp-kg,2,2.0,0.0007867000000008
30,8,karmarkar-karp-kg,3,5.0,0.0006120000000002
30,8,karmarkar-karp-kg,4,13.0,0.0007379000000007
30,8,karmarkar-karp-kg,5,5.0,0.0007576999999994
30,8,karmarkar-karp-kg,6,4.0,0.0006895999999994
30,8,karmarkar-karp-kg,7,17.0,0.0007395999999992
30,8,karmarkar-karp-kg,8,17.0,0.000741099999999
30,8,karmarkar-karp-kg,9,15.0,0.0007169000000004
30,8,karmarkar-karp-sy,0,1.0,0.0005410000000001
30,8,karmarkar-karp-sy,1,1.0,0.000517499999999
30,8,karmarkar-karp-sy,2,0.0,0.0004862000000009
30,8,karmarkar-karp-sy,3,0.0,0.0005367000000013
30,8,karmarkar-karp-sy,4,1.0,0.0005155999999999
30,8,karmarkar-karp-sy,5,1.0,0.0012015000000005
30,8,karmarkar-karp-sy,6,1.0,0.0009037999999996
30,8,karmarkar-karp-sy,7,0.0,0.0005076000000006
30,8,karmarkar-karp-sy,8,0.0,0.0004925
30,8,karmarkar-karp-sy,9,0.0,0.0004849
30,12,karmarkar-karp-kg,0,14.0,0.0008867000000005
30,12,karmarkar-karp-kg,1,65.0,0.0012166000000011
30,12,karmarkar-karp-kg,2,50.0,0.0008593000000001
30,12,karmarkar-karp-kg,3,97.0,0.0008715999999999
30,12,karmarkar-karp-kg,4,56.0,0.0008622999999996
30,12,karmarkar-karp-kg,5,5.0,0.0008715999999999
30,12,karmarkar-karp-kg,6,49.0,0.0008360000000013
30,12,karmarkar-karp-kg,7,30.0,0.0007999999999999
30,12,karmarkar-karp-kg,8,231.0,0.0008752000000011
30,12,karmarkar-karp-kg,9,111.0,0.0008307000000016
30,12,karmarkar-karp-sy,0,2.0,0.0005079999999999
30,12,karmarkar-karp-sy,1,1.0,0.0004694999999994
30,12,karmarkar-karp-sy,2,2.0,0.0004322000000005
30,12,karmarkar-karp-sy,3,0.0,0.0006633999999987
30,12,karmarkar-karp-sy,4,1.0,0.0005178000000007
30,12,karmarkar-karp-sy,5,0.0,0.0008717000000011
30,12,karmarkar-karp-sy,6,0.0,0.000529199999999
30,12,karmarkar-karp-sy,7,0.0,0.0007346000000012
30,12,karmarkar-karp-sy,8,1.0,0.0004648999999989
30,12,karmarkar-karp-sy,9,0.0,0.000481800000001
30,16,karmarkar-karp-kg,0,2778.0,0.0008906999999993
30,16,karmarkar-karp-kg,1,272.0,0.0008663999999996
30,16,karmarkar-karp-kg,2,1408.0,0.0008692999999997
30,16,karmarkar-karp-kg,3,2672.0,0.0008563999999999
30,16,karmarkar-karp-kg,4,1025.0,0.0008542000000009
30,16,karmarkar-karp-kg,5,2338.0,0.0013296999999994
30,16,karmarkar-karp-kg,6,2795.0,0.0008769999999991
30,16,karmarkar-karp-kg,7,1828.0,0.0008556999999989
30,16,karmarkar-karp-kg,8,2255.0,0.0008974999999988
30,16,karmarkar-karp-kg,9,990.0,0.0008701000000002
30,16,karmarkar-karp-sy,0,10.0,0.0004443999999992
30,16,karmarkar-karp-sy,1,20.0,0.0004560999999991
30,16,karmarkar-karp-sy,2,17.0,0.0004791000000015
30,16,karmarkar-karp-sy,3,2.0,0.0004461000000013
30,16,karmarkar-karp-sy,4,10.0,0.0005313999999998
30,16,karmarkar-karp-sy,5,18.0,0.0004846999999994
30,16,karmarkar-karp-sy,6,75.0,0.0005094999999997
30,16,karmarkar-karp-sy,7,21.0,0.0008045000000009
30,16,karmarkar-karp-sy,8,2.0,0.0005252999999996
30,16,karmarkar-karp-sy,9,12.0,0.0007921999999993
30,20,karmarkar-karp-kg,0,6683.0,0.0009489999999985
30,20,karmarkar-karp-kg,1,10271.0,0.0008774000000002
30,20,karmarkar-karp-kg,2,17619.0,0.0009124000000007
30,20,karmarkar-karp-kg,3,29756.0,0.0010404999999984
30,20,karmarkar-karp-kg,4,15592.0,0.0008839999999992
30,20,karmarkar-karp-kg,5,451.0,0.0009143999999992
30,20,karmarkar-karp-kg,6,1886.0,0.0012508000000011
30,20,karmarkar-karp-kg,7,52738.0,0.0008784000000012
30,20,karmarkar-karp-kg,8,13444.0,0.0009338000000003
30,20,karmarkar-karp-kg,9,8709.0,0.0016285000000006
30,20,karmarkar-karp-sy,0,18.0,0.0004606000000002
30,20,karmarkar-karp-sy,1,378.0,0.0009074999999985
30,20,karmarkar-karp-sy,2,36.0,0.0005296000000001
30,20,karmarkar-karp-sy,3,49.0,0.0004743000000004
30,20,karmarkar-karp-sy,4,221.0,0.0005113999999988
30,20,karmarkar-karp-sy,5,51.0,0.0009019000000005
30,20,karmarkar-karp-sy,6,75.0,0.0008681999999993
30,20,karmarkar-karp-sy,7,56.0,0.0004766000000007
30,20,karmarkar-karp-sy,8,71.0,0.0005093000000009
30,20,karmarkar-karp-sy,9,21.0,0.0005340999999994
35,4,karmarkar-karp-kg,0,1.0,0.0005351999999998
35,4,karmarkar-karp-kg,1,0.0,0.0004998
35,4,karmarkar-karp-kg,2,1.0,0.0005357999999997
35,4,karmarkar-karp-kg,3,0.0,0.0005795000000006
35,4,karmarkar-karp-kg,4,0.0,0.0006586000000012
35,4,karmarkar-karp-kg,5,0.0,0.0005489999999994
35,4,karmarkar-karp-kg,6,1.0,0.0004942999999997
35,4,karmarkar-karp-kg,7,1.0,0.0005014000000009
35,4,karmarkar-karp-kg,8,1.0,0.0006871000000003
35,4,karmarkar-karp-kg,9,0.0,0.0004673000000003
35,4,karmarkar-karp-sy,0,1.0,0.0004693000000006
35,4,karmarkar-karp-sy,1,0.0,0.0004538000000007
35,4,karmarkar-karp-sy,2,0.0,0.0004722000000008
35,4,karmarkar-karp-sy,3,0.0,0.0004608999999984
35,4,karmarkar-karp-sy,4,0.0,0.0005354999999998
35,4,karmarkar-karp-sy,5,0.0,0.0005034000000012
35,4,karmarkar-karp-sy,6,0.0,0.0004600000000003
35,4,karmarkar-karp-sy,7,0.0,0.0006238000000013
35,4,karmarkar-karp-sy,8,0.0,0.0004918000000007
35,4,karmarkar-karp-sy,9,0.0,0.0004726000000001
35,8,karmarkar-karp-kg,0,7.0,0.0014441000000005
35,8,karmarkar-karp-kg,1,4.0,0.0009768000000001
35,8,karmarkar-karp-kg,2,5.0,0.0009951000000008
35,8,karmarkar-karp-kg,3,3.0,0.0009550999999987
35,8,karmarkar-karp-kg,4,3.0,0.0010165000000004
35,8,karmarkar-karp-kg,5,17.0,0.0010004000000005
35,8,karmarkar-karp-kg,6,26.0,0.0010463999999998
35,8,karmarkar-karp-kg,7,2.0,0.0010483999999983
35,8,karmarkar-karp-kg,8,1.0,0.0010227
35,8,karmarkar-karp-kg,9,3.0,0.0010253000000002
35,8,karmarkar-karp-sy,0,1.0,0.0005360999999997
35,8,karmarkar-karp-sy,1,1.0,0.0005635999999995
35,8,karmarkar-karp-sy,2,0.0,0.0006962000000001
35,8,karmarkar-karp-sy,3,0.0,0.0010769999999986
35,8,karmarkar-karp-sy,4,0.0,0.0010592000000002
35,8,karmarkar-karp-sy,5,1.0,0.0005086999999992
35,8,karmarkar-karp-sy,6,0.0,0.0005990999999987
35,8,karmarkar-karp-sy,7,1.0,0.0006134000000006
35,8,karmarkar-karp-sy,8,1.0,0.0006111000000004
35,8,karmarkar-karp-sy,9,1.0,0.0005356000000009
35,12,karmarkar-karp-kg,0,16.0,0.0013921000000003
35,12,karmarkar-karp-kg,1,230.0,0.0012660999999987
35,12,karmarkar-karp-kg,2,12.0,0.0013860000000001
35,12,karmarkar-karp-kg,3,20.0,0.0013107999999988
35,12,karmarkar-karp-kg,4,210.0,0.0013628000000007
35,12,karmarkar-karp-kg,5,223.0,0.0012944999999984
35,12,karmarkar-karp-kg,6,22.0,0.0017072000000002
35,12,karmarkar-karp-kg,7,377.0,0.0017266999999989
35,12,karmarkar-karp-kg,8,448.0,0.0012767999999994
35,12,karmarkar-karp-kg,9,257.0,0.0013182999999994
35,12,karmarkar-karp-sy,0,0.0,0.0005869
35,12,karmarkar-karp-sy,1,1.0,0.0006174999999988
35,12,karmarkar-karp-sy,2,1.0,0.0007132000000016
35,12,karmarkar-karp-sy,3,0.0,0.0006800000000009
35,12,karmarkar-karp-sy,4,2.0,0.0006941999999998
35,12,karmarkar-karp-sy,5,0.0,0.0006001999999991
35,12,karmarkar-karp-sy,6,0.0,0.0006658000000001
35,12,karmarkar-karp-sy,7,1.0,0.0006821999999999
35,12,karmarkar-karp-sy,8,0.0,0.0006251999999999
35,12,karmarkar-karp-sy,9,0.0,0.0006112999999992
35,16,karmarkar-karp-kg,0,124.0,0.0014076000000002
35,16,karmarkar-karp-kg,1,387.0,0.0013922999999991
35,16,karmarkar-karp-kg,2,1525.0,0.0013432000000008
35,16,karmarkar-karp-kg,3,609.0,0.0015742000000003
35,16,karmarkar-karp-kg,4,552.0,0.0015739999999997
35,16,karmarkar-karp-kg,5,2790.0,0.0014739999999999
35,16,karmarkar-karp-kg,6,3350.0,0.0014383999999996
35,16,karmarkar-karp-kg,7,2283.0,0.0014697999999988
35,16,karmarkar-karp-kg,8,3560.0,0.0018586999999996
35,16,karmarkar-karp-kg,9,892.0,0.0014883999999995
35,16,karmarkar-karp-sy,0,1.0,0.0010809999999992
35,16,karmarkar-karp-sy,1,5.0,0.0012328999999997
35,16,karmarkar-karp-sy,2,4.0,0.0011896
35,16,karmarkar-karp-sy,3,7.0,0.0013018000000002
35,16,karmarkar-karp-sy,4,22.0,0.0006913999999991
35,16,karmarkar-karp-sy,5,27.0,0.0010816000000009
35,16,karmarkar-karp-sy,6,8.0,0.0007605999999995
35,16,karmarkar-karp-sy,7,12.0,0.0007363999999991
35,16,karmarkar-karp-sy,8,8.0,0.0006496000000009
35,16,karmarkar-karp-sy,9,12.0,0.0006880999999996
35,20,karmarkar-karp-kg,0,87091.0,0.0015538999999993
35,20,karmarkar-karp-kg,1,45310.0,0.0015041
35,20,karmarkar-karp-kg,2,6904.0,0.0014725000000002
35,20,karmarkar-karp-kg,3,38055.0,0.0019055999999988
35,20,karmarkar-karp-kg,4,41033.0,0.0014083000000013
35,20,karmarkar-karp-kg,5,39654.0,0.0014208999999993
35,20,karmarkar-karp-kg,6,8191.0,0.0019150999999997
35,20,karmarkar-karp-kg,7,11256.0,0.0013625000000008
35,20,karmarkar-karp-kg,8,9731.0,0.001335899999999
35,20,karmarkar-karp-kg,9,7245.0,0.0014208999999993
35,20,karmarkar-karp-sy,0,10.0,0.0005762000000011
35,20,karmarkar-karp-sy,1,3.0,0.0005951999999993
35,20,karmarkar-karp-sy,2,109.0,0.0005255000000001
35,20,karmarkar-karp-sy,3,305.0,0.0005771000000009
35,20,karmarkar-karp-sy,4,88.0,0.0006033999999992
35,20,karmarkar-karp-sy,5,136.0,0.0005961999999986
35,20,karmarkar-karp-sy,6,144.0,0.0010338
35,20,karmarkar-karp-sy,7,86.0,0.0008946000000005
35,20,karmarkar-karp-sy,8,104.0,0.0005673999999995
35,20,karmarkar-karp-sy,9,230.0,0.0005620999999997
40,4,karmarkar-karp-kg,0,0.0,0.0005914999999987
40,4,karmarkar-karp-kg,1,0.0,0.0005577999999992
40,4,karmarkar-karp-kg,2,1.0,0.0006543999999983
40,4,karmarkar-karp-kg,3,1.0,0.0006203999999989
40,4,karmarkar-karp-kg,4,1.0,0.0012758999999995
40,4,karmarkar-karp-kg,5,1.0,0.0006026000000005
40,4,karmarkar-karp-kg,6,1.0,0.0006032000000004
40,4,karmarkar-karp-kg,7,1.0,0.0006185999999992
40,4,karmarkar-karp-kg,8,2.0,0.0006778000000018
40,4,karmarkar-karp-kg,9,1.0,0.0010447000000013
40,4,karmarkar-karp-sy,0,1.0,0.0005944999999982
40,4,karmarkar-karp-sy,1,1.0,0.0005345999999981
40,4,karmarkar-karp-sy,2,0.0,0.0005919999999974
40,4,karmarkar-karp-sy,3,1.0,0.0005729000000016
40,4,karmarkar-karp-sy,4,0.0,0.0009572999999996
40,4,karmarkar-karp-sy,5,0.0,0.0009614000000013
40,4,karmarkar-karp-sy,6,0.0,0.0007902999999984
40,4,karmarkar-karp-sy,7,1.0,0.0005422999999993
40,4,karmarkar-karp-sy,8,1.0,0.0005507999999991
40,4,karmarkar-karp-sy,9,1.0,0.0005705999999996
40,8,karmarkar-karp-kg,0,3.0,0.0021985999999998
40,8,karmarkar-karp-kg,1,21.0,0.0012356000000011
40,8,karmarkar-karp-kg,2,1.0,0.0024895000000029
40,8,karmarkar-karp-kg,3,1.0,0.0010906999999988
40,8,karmarkar-karp-kg,4,0.0,0.0011454999999997
40,8,karmarkar-karp-kg,5,7.0,0.0012730999999988
40,8,karmarkar-karp-kg,6,2.0,0.0012004000000018
40,8,karmarkar-karp-kg,7,6.0,0.0011188000000004
40,8,karmarkar-karp-kg,8,3.0,0.0011786000000029
40,8,karmarkar-karp-kg,9,9.0,0.0014111999999997
40,8,karmarkar-karp-sy,0,0.0,0.0006798000000003
40,8,karmarkar-karp-sy,1,1.0,0.0006287999999976
40,8,karmarkar-karp-sy,2,1.0,0.0005333000000007
40,8,karmarkar-karp-sy,3,0.0,0.000652800000001
40,8,karmarkar-karp-sy,4,1.0,0.0006075000000009
40,8,karmarkar-karp-sy,5,0.0,0.0005483000000019
40,8,karmarkar-karp-sy,6,0.0,0.0005939999999995
40,8,karmarkar-karp-sy,7,0.0,0.0006705000000017
40,8,karmarkar-karp-sy,8,0.0,0.0005710000000007
40,8,karmarkar-karp-sy,9,1.0,0.0005796999999994
40,12,karmarkar-karp-kg,0,16.0,0.0015367000000026
40,12,karmarkar-karp-kg,1,3.0,0.0015180000000007
40,12,karmarkar-karp-kg,2,13.0,0.0015472000000009
40,12,karmarkar-karp-kg,3,25.0,0.0015572000000005
40,12,karmarkar-karp-kg,4,184.0,0.0015475000000009
40,12,karmarkar-karp-kg,5,101.0,0.0030415999999995
40,12,karmarkar-karp-kg,6,142.0,0.0015391999999998
40,12,karmarkar-karp-kg,7,7.0,0.0015298000000001
40,12,karmarkar-karp-kg,8,238.0,0.0015889999999991
40,12,karmarkar-karp-kg,9,73.0,0.0016916000000009
40,12,karmarkar-karp-sy,0,0.0,0.0006644999999991
40,12,karmarkar-karp-sy,1,1.0,0.0005938999999983
40,12,karmarkar-karp-sy,2,0.0,0.0006169000000006
40,12,karmarkar-karp-sy,3,1.0,0.0008996000000003
40,12,karmarkar-karp-sy,4,0.0,0.0006345000000003
40,12,karmarkar-karp-sy,5,1.0,0.0005119999999969
40,12,karmarkar-karp-sy,6,1.0,0.0006029000000005
40,12,karmarkar-karp-sy,7,0.0,0.0005310999999998
40,12,karmarkar-karp-sy,8,0.0,0.0006164999999995
40,12,karmarkar-karp-sy,9,1.0,0.0005673999999977
40,16,karmarkar-karp-kg,0,1821.0,0.0015667000000014
40,16,karmarkar-karp-kg,1,2207.0,0.0015681
40,16,karmarkar-karp-kg,2,221.0,0.0015526000000001
40,16,karmarkar-karp-kg,3,542.0,0.0015745000000002
40,16,karmarkar-karp-kg,4,1374.0,0.0017123000000012
40,16,karmarkar-karp-kg,5,85.0,0.001582299999999
40,16,karmarkar-karp-kg,6,2610.0,0.0030140999999979
40,16,karmarkar-karp-kg,7,1586.0,0.0016708000000029
40,16,karmarkar-karp-kg,8,197.0,0.0026226000000022
40,16,karmarkar-karp-kg,9,501.0,0.0015663999999979
40,16,karmarkar-karp-sy,0,2.0,0.0005108999999983
40,16,karmarkar-karp-sy,1,2.0,0.0005476000000008
40,16,karmarkar-karp-sy,2,0.0,0.0009677000000003
40,16,karmarkar-karp-sy,3,3.0,0.0005649000000005
40,16,karmarkar-karp-sy,4,3.0,0.0006471000000018
40,16,karmarkar-karp-sy,5,1.0,0.0006282999999989
40,16,karmarkar-karp-sy,6,2.0,0.0006476000000006
40,16,karmarkar-karp-sy,7,3.0,0.0005856999999984
40,16,karmarkar-karp-sy,8,12.0,0.0006234999999996
40,16,karmarkar-karp-sy,9,6.0,0.0005690999999998
40,20,karmarkar-karp-kg,0,4077.0,0.0015737999999991
40,20,karmarkar-karp-kg,1,2493.0,0.0015642000000006
40,20,karmarkar-karp-kg,2,19949.0,0.001529099999999
40,20,karmarkar-karp-kg,3,15990.0,0.0015391999999998
40,20,karmarkar-karp-kg,4,33004.0,0.0015843999999987
40,20,karmarkar-karp-kg,5,3843.0,0.001669200000002
40,20,karmarkar-karp-kg,6,33745.0,0.001818
40,20,karmarkar-karp-kg,7,47900.0,0.0018570000000011
40,20,karmarkar-karp-kg,8,9220.0,0.001737300000002
40,20,karmarkar-karp-kg,9,9358.0,0.0017092000000005
40,20,karmarkar-karp-sy,0,12.0,0.0005656999999992
40,20,karmarkar-karp-sy,1,21.0,0.0005857999999996
40,20,karmarkar-karp-sy,2,21.0,0.0006696999999995
40,20,karmarkar-karp-sy,3,268.0,0.0006921000000019
40,20,karmarkar-karp-sy,4,355.0,0.0006270999999991
40,20,karmarkar-karp-sy,5,7.0,0.0005754000000024
40,20,karmarkar-karp-sy,6,33.0,0.0009656000000006
40,20,karmarkar-karp-sy,7,28.0,0.0006477000000018
40,20,karmarkar-karp-sy,8,4.0,0.0006795000000003
40,20,karmarkar-karp-sy,9,10.0,0.0005746000000002
45,4,karmarkar-karp-kg,0,1.0,0.0008044000000033
45,4,karmarkar-karp-kg,1,1.0,0.0007132999999974
45,4,karmarkar-karp-kg,2,1.0,0.0007333000000002
45,4,karmarkar-karp-kg,3,1.0,0.0007619999999981
45,4,karmarkar-karp-kg,4,1.0,0.0007416000000013
45,4,karmarkar-karp-kg,5,1.0,0.0007665999999986
45,4,karmarkar-karp-kg,6,1.0,0.0007789000000002
45,4,karmarkar-karp-kg,7,1.0,0.000766200000001
45,4,karmarkar-karp-kg,8,1.0,0.0009450000000015
45,4,karmarkar-karp-kg,9,1.0,0.0008662000000008
45,4,karmarkar-karp-sy,0,0.0,0.0006741999999988
45,4,karmarkar-karp-sy,1,0.0,0.0006382000000009
45,4,karmarkar-karp-sy,2,0.0,0.0006854999999994
45,4,karmarkar-karp-sy,3,1.0,0.0006824999999999
45,4,karmarkar-karp-sy,4,0.0,0.0006321000000006
45,4,karmarkar-karp-sy,5,0.0,0.0006576000000002
45,4,karmarkar-karp-sy,6,0.0,0.0006610000000009
45,4,karmarkar-karp-sy,7,0.0,0.0006419999999991
45,4,karmarkar-karp-sy,8,0.0,0.000700400000003
45,4,karmarkar-karp-sy,9,0.0,0.0006868000000004
45,8,karmarkar-karp-kg,0,2.0,0.001722100000002
45,8,karmarkar-karp-kg,1,9.0,0.0018895000000007
45,8,karmarkar-karp-kg,2,2.0,0.0018844999999991
45,8,karmarkar-karp-kg,3,0.0,0.0019635999999998
45,8,karmarkar-karp-kg,4,5.0,0.001975999999999
45,8,karmarkar-karp-kg,5,2.0,0.0018320000000002
45,8,karmarkar-karp-kg,6,0.0,0.002225199999998
45,8,karmarkar-karp-kg,7,9.0,0.0018141000000007
45,8,karmarkar-karp-kg,8,33.0,0.003622
45,8,karmarkar-karp-kg,9,1.0,0.0019036000000021
45,8,karmarkar-karp-sy,0,0.0,0.0007696999999993
45,8,karmarkar-karp-sy,1,1.0,0.0008724000000022
45,8,karmarkar-karp-sy,2,0.0,0.0011897000000011
45,8,karmarkar-karp-sy,3,0.0,0.0010604999999976
45,8,karmarkar-karp-sy,4,1.0,0.0007783000000003
45,8,karmarkar-karp-sy,5,0.0,0.0007608999999995
45,8,karmarkar-karp-sy,6,1.0,0.0007961999999999
45,8,karmarkar-karp-sy,7,1.0,0.0007580000000011
45,8,karmarkar-karp-sy,8,0.0,0.0006888000000024
45,8,karmarkar-karp-sy,9,1.0,0.0008318000000002
45,12,karmarkar-karp-kg,0,24.0,0.0024939999999986
45,12,karmarkar-karp-kg,1,64.0,0.0023654999999997
45,12,karmarkar-karp-kg,2,227.0,0.0028478000000013
45,12,karmarkar-karp-kg,3,265.0,0.0023906000000017
45,12,karmarkar-karp-kg,4,66.0,0.0023242000000003
45,12,karmarkar-karp-kg,5,23.0,0.0022385999999983
45,12,karmarkar-karp-kg,6,81.0,0.0044161000000002
45,12,karmarkar-karp-kg,7,20.0,0.0021623000000019
45,12,karmarkar-karp-kg,8,76.0,0.004021299999998
45,12,karmarkar-karp-kg,9,93.0,0.0024084000000001
45,12,karmarkar-karp-sy,0,0.0,0.0006668999999988
45,12,karmarkar-karp-sy,1,0.0,0.0011480000000005
45,12,karmarkar-karp-sy,2,1.0,0.0006097999999994
45,12,karmarkar-karp-sy,3,1.0,0.0007012999999993
45,12,karmarkar-karp-sy,4,1.0,0.0006328000000017
45,12,karmarkar-karp-sy,5,0.0,0.0006668000000011
45,12,karmarkar-karp-sy,6,1.0,0.0006318000000007
45,12,karmarkar-karp-sy,7,0.0,0.0010253999999996
45,12,karmarkar-karp-sy,8,0.0,0.0009931999999999
45,12,karmarkar-karp-sy,9,1.0,0.0011220000000022
45,16,karmarkar-karp-kg,0,559.0,0.0043027000000002
45,16,karmarkar-karp-kg,1,419.0,0.0046913999999986
45,16,karmarkar-karp-kg,2,180.0,0.0045255999999973
45,16,karmarkar-karp-kg,3,2413.0,0.0043006999999981
45,16,karmarkar-karp-kg,4,1237.0,0.0022988999999995
45,16,karmarkar-karp-kg,5,2757.0,0.0027480000000004
45,16,karmarkar-karp-kg,6,1208.0,0.0023801999999975
45,16,karmarkar-karp-kg,7,106.0,0.0027205999999999
45,16,karmarkar-karp-kg,8,3252.0,0.0024282999999982
45,16,karmarkar-karp-kg,9,274.0,0.002304200000001
45,16,karmarkar-karp-sy,0,3.0,0.0007498999999988
45,16,karmarkar-karp-sy,1,2.0,0.0006698000000007
45,16,karmarkar-karp-sy,2,1.0,0.0008254999999977
45,16,karmarkar-karp-sy,3,1.0,0.0006693999999995
45,16,karmarkar-karp-sy,4,0.0,0.0007189000000025
45,16,karmarkar-karp-sy,5,1.0,0.0007546000000004
45,16,karmarkar-karp-sy,6,3.0,0.0010829999999977
45,16,karmarkar-karp-sy,7,0.0,0.0006322999999994
45,16,karmarkar-karp-sy,8,0.0,0.0007338000000025
45,16,karmarkar-karp-sy,9,1.0,0.0006443999999987
45,20,karmarkar-karp-kg,0,8352.0,0.0022005999999983
45,20,karmarkar-karp-kg,1,4996.0,0.0020691999999975
45,20,karmarkar-karp-kg,2,24613.0,0.0021547999999995
45,20,karmarkar-karp-kg,3,23512.0,0.0021225999999998
45,20,karmarkar-karp-kg,4,34817.0,0.0021154999999986
45,20,karmarkar-karp-kg,5,12102.0,0.002078100000002
45,20,karmarkar-karp-kg,6,136.0,0.0020257999999984
45,20,karmarkar-karp-kg,7,5763.0,0.0020726999999993
45,20,karmarkar-karp-kg,8,18808.0,0.0020607999999988
45,20,karmarkar-karp-kg,9,88197.0,0.0020366000000002
45,20,karmarkar-karp-sy,0,1.0,0.0006264999999991
45,20,karmarkar-karp-sy,1,63.0,0.0005703999999973
45,20,karmarkar-karp-sy,2,19.0,0.0006331000000017
45,20,karmarkar-karp-sy,3,10.0,0.0006511000000024
45,20,karmarkar-karp-sy,4,6.0,0.0006140999999999
45,20,karmarkar-karp-sy,5,71.0,0.0005824000000025
45,20,karmarkar-karp-sy,6,18.0,0.0008489999999987
45,20,karmarkar-karp-sy,7,9.0,0.0008033000000011
45,20,karmarkar-karp-sy,8,24.0,0.000608500000002
45,20,karmarkar-karp-sy,9,50.0,0.0006081000000008
50,4,karmarkar-karp-kg,0,1.0,0.0008680000000005
50,4,karmarkar-karp-kg,1,1.0,0.0008881000000009
50,4,karmarkar-karp-kg,2,0.0,0.0008240000000014
50,4,karmarkar-karp-kg,3,1.0,0.0008741999999983
50,4,karmarkar-karp-kg,4,0.0,0.0017698999999993
50,4,karmarkar-karp-kg,5,1.0,0.0008758999999969
50,4,karmarkar-karp-kg,6,1.0,0.0008645999999998
50,4,karmarkar-karp-kg,7,1.0,0.0009317000000024
50,4,karmarkar-karp-kg,8,1.0,0.0008251999999977
50,4,karmarkar-karp-kg,9,0.0,0.0008509000000032
50,4,karmarkar-karp-sy,0,1.0,0.000637600000001
50,4,karmarkar-karp-sy,1,1.0,0.0006437999999988
50,4,karmarkar-karp-sy,2,1.0,0.0006486999999992
50,4,karmarkar-karp-sy,3,0.0,0.0007194000000012
50,4,karmarkar-karp-sy,4,0.0,0.0006282999999989
50,4,karmarkar-karp-sy,5,0.0,0.0015970000000002
50,4,karmarkar-karp-sy,6,1.0,0.0006549999999982
50,4,karmarkar-karp-sy,7,0.0,0.0006675999999998
50,4,karmarkar-karp-sy,8,1.0,0.0006701000000006
50,4,karmarkar-karp-sy,9,0.0,0.0006489000000016
50,8,karmarkar-karp-kg,0,5.0,0.0019238999999977
50,8,karmarkar-karp-kg,1,1.0,0.0019764000000002
50,8,karmarkar-karp-kg,2,1.0,0.0026274000000015
50,8,karmarkar-karp-kg,3,4.0,0.0025566999999995
50,8,karmarkar-karp-kg,4,7.0,0.0020579000000005
50,8,karmarkar-karp-kg,5,0.0,0.0020877999999981
50,8,karmarkar-karp-kg,6,2.0,0.0023595999999983
50,8,karmarkar-karp-kg,7,1.0,0.0020233000000011
50,8,karmarkar-karp-kg,8,2.0,0.0017169999999993
50,8,karmarkar-karp-kg,9,1.0,0.0019578999999971
50,8,karmarkar-karp-sy,0,0.0,0.0007118000000012
50,8,karmarkar-karp-sy,1,1.0,0.0006895
50,8,karmarkar-karp-sy,2,0.0,0.0007014999999981
50,8,karmarkar-karp-sy,3,1.0,0.0006738999999988
50,8,karmarkar-karp-sy,4,0.0,0.0012049999999987
50,8,karmarkar-karp-sy,5,1.0,0.0007118000000012
50,8,karmarkar-karp-sy,6,1.0,0.0011925999999995
50,8,karmarkar-karp-sy,7,0.0,0.000642299999999
50,8,karmarkar-karp-sy,8,1.0,0.0006670999999975
50,8,karmarkar-karp-sy,9,1.0,0.0006619999999983
50,12,karmarkar-karp-kg,0,136.0,0.0024277000000019
50,12,karmarkar-karp-kg,1,97.0,0.0024973000000017
50,12,karmarkar-karp-kg,2,6.0,0.0024683999999979
50,12,karmarkar-karp-kg,3,20.0,0.0023945999999988
50,12,karmarkar-karp-kg,4,43.0,0.0023665999999984
50,12,karmarkar-karp-kg,5,25.0,0.0023003999999993
50,12,karmarkar-karp-kg,6,34.0,0.0028690000000004
50,12,karmarkar-karp-kg,7,3.0,0.0025510000000004
50,12,karmarkar-karp-kg,8,84.0,0.0027727000000012
50,12,karmarkar-karp-kg,9,135.0,0.002612599999999
50,12,karmarkar-karp-sy,0,0.0,0.0009112000000008
50,12,karmarkar-karp-sy,1,0.0,0.0007170999999992
50,12,karmarkar-karp-sy,2,0.0,0.000623400000002
50,12,karmarkar-karp-sy,3,0.0,0.0007484000000026
50,12,karmarkar-karp-sy,4,1.0,0.0006999000000007
50,12,karmarkar-karp-sy,5,1.0,0.0008265999999998
50,12,karmarkar-karp-sy,6,0.0,0.0007872000000013
50,12,karmarkar-karp-sy,7,0.0,0.0007886999999975
50,12,karmarkar-karp-sy,8,1.0,0.0006797000000027
50,12,karmarkar-karp-sy,9,1.0,0.0007060999999985
50,16,karmarkar-karp-kg,0,3601.0,0.0031360999999989
50,16,karmarkar-karp-kg,1,79.0,0.0031889999999989
50,16,karmarkar-karp-kg,2,672.0,0.0027724000000013
50,16,karmarkar-karp-kg,3,218.0,0.0027672000000009
50,16,karmarkar-karp-kg,4,137.0,0.0027094999999981
50,16,karmarkar-karp-kg,5,15.0,0.0027138999999998
50,16,karmarkar-karp-kg,6,1278.0,0.002782100000001
50,16,karmarkar-karp-kg,7,231.0,0.0027000000000008
50,16,karmarkar-karp-kg,8,1193.0,0.0026194000000003
50,16,karmarkar-karp-kg,9,2056.0,0.0026943999999993
50,16,karmarkar-karp-sy,0,1.0,0.0007079999999994
50,16,karmarkar-karp-sy,1,1.0,0.0006200000000013
50,16,karmarkar-karp-sy,2,1.0,0.0007673999999973
50,16,karmarkar-karp-sy,3,1.0,0.0006765999999984
50,16,karmarkar-karp-sy,4,0.0,0.0006461000000008
50,16,karmarkar-karp-sy,5,3.0,0.0006215000000011
50,16,karmarkar-karp-sy,6,1.0,0.000747399999998
50,16,karmarkar-karp-sy,7,1.0,0.0008549000000002
50,16,karmarkar-karp-sy,8,1.0,0.0008425999999985
50,16,karmarkar-karp-sy,9,1.0,0.0006628000000006
50,20,karmarkar-karp-kg,0,7178.0,0.0027204999999987
50,20,karmarkar-karp-kg,1,58461.0,0.0025931999999997
50,20,karmarkar-karp-kg,2,5753.0,0.0026832999999975
50,20,karmarkar-karp-kg,3,6793.0,0.0026451999999999
50,20,karmarkar-karp-kg,4,17120.0,0.0030245999999998
50,20,karmarkar-karp-kg,5,769.0,0.0028100999999978
50,20,karmarkar-karp-kg,6,5046.0,0.0026843999999996
50,20,karmarkar-karp-kg,7,4165.0,0.0027347000000013
50,20,karmarkar-karp-kg,8,28204.0,0.0030406999999996
50,20,karmarkar-karp-kg,9,29752.0,0.0030231
50,20,karmarkar-karp-sy,0,4.0,0.0006707000000005
50,20,karmarkar-karp-sy,1,5.0,0.0010817999999979
50,20,karmarkar-karp-sy,2,41.0,0.0006457999999973
50,20,karmarkar-karp-sy,3,0.0,0.0006436
50,20,karmarkar-karp-sy,4,1.0,0.0006240999999995
50,20,karmarkar-karp-sy,5,20.0,0.0006844999999984
50,20,karmarkar-karp-sy,6,4.0,0.000631000000002
50,20,karmarkar-karp-sy,7,6.0,0.0006723999999991
50,20,karmarkar-karp-sy,8,25.0,0.0010107999999995
50,20,karmarkar-karp-sy,9,5.0,0.0006953000000002
60,4,karmarkar-karp-kg,0,1.0,0.0036483000000000487
60,4,karmarkar-karp-kg,1,1.0,0.002985900000000541
60,4,karmarkar-karp-kg,2,1.0,0.0021228999999998166
60,4,karmarkar-karp-kg,3,0.0,0.0015502999999998934
60,4,karmarkar-karp-kg,4,1.0,0.0015277000000004648
60,4,karmarkar-karp-kg,5,1.0,0.0015180999999993006
60,4,karmarkar-karp-kg,6,1.0,0.002682000000000073
60,4,karmarkar-karp-kg,7,1.0,0.001476800000000722
60,4,karmarkar-karp-kg,8,1.0,0.0019340000000003243
60,4,karmarkar-karp-kg,9,1.0,0.0016277000000002317
60,4,karmarkar-karp-sy,0,1.0,0.0013513000000004993
60,4,karmarkar-karp-sy,1,0.0,0.002439800000000325
60,4,karmarkar-karp-sy,2,0.0,0.0014057999999996795
60,4,karmarkar-karp-sy,3,1.0,0.002908399999999922
60,4,karmarkar-karp-sy,4,0.0,0.0018013000000003387
60,4,karmarkar-karp-sy,5,0.0,0.0011683999999991812
60,4,karmarkar-karp-sy,6,0.0,0.0017813000000002077
60,4,karmarkar-karp-sy,7,1.0,0.0009405999999998471
60,4,karmarkar-karp-sy,8,1.0,0.0009772999999997367
60,4,karmarkar-karp-sy,9,1.0,0.0010438000000005943
60,8,karmarkar-karp-kg,0,4.0,0.0037495000000005163
60,8,karmarkar-karp-kg,1,0.0,0.003274199999999894
60,8,karmarkar-karp-kg,2,2.0,0.003571599999999897
60,8,karmarkar-karp-kg,3,5.0,0.003736100000000242
60,8,karmarkar-karp-kg,4,7.0,0.0045349000000003414
60,8,karmarkar-karp-kg,5,1.0,0.002910199999999641
60,8,karmarkar-karp-kg,6,2.0,0.0032914000000001664
60,8,karmarkar-karp-kg,7,1.0,0.0029408000000001877
60,8,karmarkar-karp-kg,8,2.0,0.004091400000000078
60,8,karmarkar-karp-kg,9,2.0,0.0032619000000000398
60,8,karmarkar-karp-sy,0,0.0,0.0007793999999998746
60,8,karmarkar-karp-sy,1,1.0,0.0008829000000005749
60,8,karmarkar-karp-sy,2,1.0,0.0009041000000005184
60,8,karmarkar-karp-sy,3,1.0,0.0008281000000005534
60,8,karmarkar-karp-sy,4,0.0,0.0009033000000000513
60,8,karmarkar-karp-sy,5,1.0,0.0008536000000001209
60,8,karmarkar-karp-sy,6,1.0,0.0008418000000007808
60,8,karmarkar-karp-sy,7,1.0,0.0008190999999992954
60,8,karmarkar-karp-sy,8,1.0,0.0007817000000001073
60,8,karmarkar-karp-sy,9,0.0,0.0008189000000005109
60,12,karmarkar-karp-kg,0,22.0,0.004204700000000727
60,12,karmarkar-karp-kg,1,43.0,0.00445019999999996
60,12,karmarkar-karp-kg,2,76.0,0.003858000000000139
60,12,karmarkar-karp-kg,3,4.0,0.003635000000000055
60,12,karmarkar-karp-kg,4,54.0,0.0036749999999994287
60,12,karmarkar-karp-kg,5,3.0,0.0037709000000001325
60,12,karmarkar-karp-kg,6,4.0,0.004497600000000546
60,12,karmarkar-karp-kg,7,26.0,0.0040351999999996835
60,12,karmarkar-karp-kg,8,13.0,0.003996200000000449
60,12,karmarkar-karp-kg,9,73.0,0.003598000000000212
60,12,karmarkar-karp-sy,0,0.0,0.000796000000000241
60,12,karmarkar-karp-sy,1,1.0,0.0007581999999999312
60,12,karmarkar-karp-sy,2,1.0,0.0008428000000000324
60,12,karmarkar-karp-sy,3,1.0,0.0007516000000000744
60,12,karmarkar-karp-sy,4,1.0,0.0011917999999999651
60,12,karmarkar-karp-sy,5,1.0,0.0008829999999999671
60,12,karmarkar-karp-sy,6,1.0,0.000771499999999925
60,12,karmarkar-karp-sy,7,0.0,0.0011953000000000102
60,12,karmarkar-karp-sy,8,0.0,0.0007745999999997366
60,12,karmarkar-karp-sy,9,1.0,0.0007952999999991661
60,16,karmarkar-karp-kg,0,54.0,0.0043112000000000705
60,16,karmarkar-karp-kg,1,117.0,0.006232199999999466
60,16,karmarkar-karp-kg,2,37.0,0.003961900000000185
60,16,karmarkar-karp-kg,3,2740.0,0.004232800000000481
60,16,karmarkar-karp-kg,4,192.0,0.003849999999999909
60,16,karmarkar-karp-kg,5,824.0,0.004596700000000453
60,16,karmarkar-karp-kg,6,3539.0,0.004033500000000245
60,16,karmarkar-karp-kg,7,325.0,0.003771300000000366
60,16,karmarkar-karp-kg,8,158.0,0.003785399999999939
60,16,karmarkar-karp-kg,9,2593.0,0.003775899999999055
60,16,karmarkar-karp-sy,0,0.0,0.0007891999999998234
60,16,karmarkar-karp-sy,1,2.0,0.0007652000000000214
60,16,karmarkar-karp-sy,2,1.0,0.0007798000000001082
60,16,karmarkar-karp-sy,3,2.0,0.0008151999999999049
60,16,karmarkar-karp-sy,4,0.0,0.001305399999999679
60,16,karmarkar-karp-sy,5,0.0,0.0007227999999983581
60,16,karmarkar-karp-sy,6,1.0,0.0007710999999996915
60,16,karmarkar-karp-sy,7,0.0,0.0007479000000003566
60,16,karmarkar-karp-sy,8,1.0,0.0008335999999999899
60,16,karmarkar-karp-sy,9,1.0,0.0007763999999994553
60,20,karmarkar-karp-kg,0,17393.0,0.005438899999999691
60,20,karmarkar-karp-kg,1,12632.0,0.003949400000001546
60,20,karmarkar-karp-kg,2,5003.0,0.003868100000000041
60,20,karmarkar-karp-kg,3,10120.0,0.0040058999999992295
60,20,karmarkar-karp-kg,4,6378.0,0.004001399999999933
60,20,karmarkar-karp-kg,5,9319.0,0.004338699999999918
60,20,karmarkar-karp-kg,6,15264.0,0.0044765000000008826
60,20,karmarkar-karp-kg,7,22506.0,0.004164199999999951
60,20,karmarkar-karp-kg,8,1482.0,0.0038600999999989227
60,20,karmarkar-karp-kg,9,30742.0,0.004066500000000417
60,20,karmarkar-karp-sy,0,7.0,0.0007554000000009609
60,20,karmarkar-karp-sy,1,1.0,0.0007532999999995127
60,20,karmarkar-karp-sy,2,9.0,0.0006931999999988392
60,20,karmarkar-karp-sy,3,0.0,0.0007283000000004591
60,20,karmarkar-karp-sy,4,9.0,0.0007513000000010095
60,20,karmarkar-karp-sy,5,3.0,0.0014518999999992843
60,20,karmarkar-karp-sy,6,2.0,0.0007495999999989067
60,20,karmarkar-karp-sy,7,2.0,0.0007841000000006204
60,20,karmarkar-karp-sy,8,2.0,0.0008849000000008544
60,20,karmarkar-karp-sy,9,3.0,0.0010647000000005846
80,4,karmarkar-karp-kg,0,1.0,0.0025826000000002125
80,4,karmarkar-karp-kg,1,1.0,0.0031156000000009954
80,4,karmarkar-karp-kg,2,1.0,0.002306799999999498
80,4,karmarkar-karp-kg,3,1.0,0.002290499999999085
80,4,karmarkar-karp-kg,4,1.0,0.0024913000000008623
80,4,karmarkar-karp-kg,5,1.0,0.0023825000000012864
80,4,karmarkar-karp-kg,6,1.0,0.002646400000001492
80,4,karmarkar-karp-kg,7,1.0,0.003222700000000245
80,4,karmarkar-karp-kg,8,1.0,0.003734700000000757
80,4,karmarkar-karp-kg,9,1.0,0.004533300000000295
80,4,karmarkar-karp-sy,0,0.0,0.001052800000000076
80,4,karmarkar-karp-sy,1,1.0,0.0024183000000004284
80,4,karmarkar-karp-sy,2,1.0,0.0010235999999999024
80,4,karmarkar-karp-sy,3,1.0,0.0010666999999990878
80,4,karmarkar-karp-sy,4,0.0,0.000998199999999727
80,4,karmarkar-karp-sy,5,0.0,0.0010202000000010258
80,4,karmarkar-karp-sy,6,0.0,0.0010703000000003016
80,4,karmarkar-karp-sy,7,1.0,0.0010428000000004545
80,4,karmarkar-karp-sy,8,1.0,0.0014653999999989509
80,4,karmarkar-karp-sy,9,0.0,0.0011265000000015846
80,8,karmarkar-karp-kg,0,1.0,0.0068710000000002935
80,8,karmarkar-karp-kg,1,1.0,0.006075199999999725
80,8,karmarkar-karp-kg,2,0.0,0.005996299999999621
80,8,karmarkar-karp-kg,3,0.0,0.005613199999999097
80,8,karmarkar-karp-kg,4,1.0,0.006126200000000637
80,8,karmarkar-karp-kg,5,0.0,0.006653899999999879
80,8,karmarkar-karp-kg,6,1.0,0.0060637999999997305
80,8,karmarkar-karp-kg,7,4.0,0.007770400000000066
80,8,karmarkar-karp-kg,8,2.0,0.006228399999999468
80,8,karmarkar-karp-kg,9,2.0,0.005311100000000124
80,8,karmarkar-karp-sy,0,0.0,0.0009435999999993783
80,8,karmarkar-karp-sy,1,1.0,0.0014850000000006247
80,8,karmarkar-karp-sy,2,0.0,0.001455200000000545
80,8,karmarkar-karp-sy,3,0.0,0.001138199999999756
80,8,karmarkar-karp-sy,4,1.0,0.0011817999999994555
80,8,karmarkar-karp-sy,5,1.0,0.0012463999999994257
80,8,karmarkar-karp-sy,6,0.0,0.0011252000000006035
80,8,karmarkar-karp-sy,7,1.0,0.0009945999999985133
80,8,karmarkar-karp-sy,8,1.0,0.0010566999999994664
80,8,karmarkar-karp-sy,9,1.0,0.001005300000000986
80,12,karmarkar-karp-kg,0,109.0,0.007318699999999012
80,12,karmarkar-karp-kg,1,103.0,0.008843099999999993
80,12,karmarkar-karp-kg,2,29.0,0.007627000000001161
80,12,karmarkar-karp-kg,3,2.0,0.008428799999999015
80,12,karmarkar-karp-kg,4,3.0,0.007821099999999248
80,12,karmarkar-karp-kg,5,200.0,0.008048300000000452
80,12,karmarkar-karp-kg,6,18.0,0.0072688999999996895
80,12,karmarkar-karp-kg,7,25.0,0.015912800000000615
80,12,karmarkar-karp-kg,8,1.0,0.016147899999999993
80,12,karmarkar-karp-kg,9,106.0,0.0073208999999998525
80,12,karmarkar-karp-sy,0,1.0,0.0009410000000009688
80,12,karmarkar-karp-sy,1,1.0,0.0010753999999995045
80,12,karmarkar-karp-sy,2,0.0,0.0010858000000002477
80,12,karmarkar-karp-sy,3,1.0,0.0010658000000010048
80,12,karmarkar-karp-sy,4,0.0,0.0010166000000015885
80,12,karmarkar-karp-sy,5,0.0,0.0010562000000007288
80,12,karmarkar-karp-sy,6,0.0,0.0009579000000012883
80,12,karmarkar-karp-sy,7,1.0,0.0010350999999992894
80,12,karmarkar-karp-sy,8,1.0,0.0010740000000009076
80,12,karmarkar-karp-sy,9,0.0,0.000990999999999076
80,16,karmarkar-karp-kg,0,843.0,0.009091599999999644
80,16,karmarkar-karp-kg,1,46.0,0.01675359999999948
80,16,karmarkar-karp-kg,2,586.0,0.018372700000000464
80,16,karmarkar-karp-kg,3,494.0,0.011377099999998919
80,16,karmarkar-karp-kg,4,573.0,0.015978300000000445
80,16,karmarkar-karp-kg,5,402.0,0.011300199999999094
80,16,karmarkar-karp-kg,6,599.0,0.011027099999999734
80,16,karmarkar-karp-kg,7,523.0,0.011216700000000301
80,16,karmarkar-karp-kg,8,33.0,0.01058939999999886
80,16,karmarkar-karp-kg,9,768.0,0.009411500000000572
80,16,karmarkar-karp-sy,0,1.0,0.0011034999999992579
80,16,karmarkar-karp-sy,1,1.0,0.0010811999999997823
80,16,karmarkar-karp-sy,2,1.0,0.0010786999999989888
80,16,karmarkar-karp-sy,3,0.0,0.000989900000000432
80,16,karmarkar-karp-sy,4,1.0,0.0010533000000005899
80,16,karmarkar-karp-sy,5,0.0,0.0011738000000001136
80,16,karmarkar-karp-sy,6,1.0,0.0011395000000007371
80,16,karmarkar-karp-sy,7,0.0,0.002365199999999845
80,16,karmarkar-karp-sy,8,1.0,0.0011845999999984258
80,16,karmarkar-karp-sy,9,0.0,0.0011638000000004922
80,20,karmarkar-karp-kg,0,6746.0,0.009466899999999612
80,20,karmarkar-karp-kg,1,9736.0,0.009194000000000813
80,20,karmarkar-karp-kg,2,507.0,0.009332399999999907
80,20,karmarkar-karp-kg,3,20440.0,0.008977200000000352
80,20,karmarkar-karp-kg,4,8817.0,0.009657999999999944
80,20,karmarkar-karp-kg,5,5089.0,0.00914510000000135
80,20,karmarkar-karp-kg,6,11223.0,0.01008990000000054
80,20,karmarkar-karp-kg,7,906.0,0.009385999999999228
80,20,karmarkar-karp-kg,8,576.0,0.009039999999998827
80,20,karmarkar-karp-kg,9,9138.0,0.009202699999999453
80,20,karmarkar-karp-sy,0,0.0,0.0014383000000002255
80,20,karmarkar-karp-sy,1,1.0,0.0009756999999996907
80,20,karmarkar-karp-sy,2,2.0,0.0009437000000005469
80,20,karmarkar-karp-sy,3,0.0,0.0010387999999998954
80,20,karmarkar-karp-sy,4,2.0,0.0009617000000012865
80,20,karmarkar-karp-sy,5,0.0,0.001035500000000411
80,20,karmarkar-karp-sy,6,1.0,0.0009736000000000189
80,20,karmarkar-karp-sy,7,4.0,0.0011292000000011626
80,20,karmarkar-karp-sy,8,0.0,0.000995200000000196
80,20,karmarkar-karp-sy,9,0.0,0.0010127000000004216
100,4,karmarkar-karp-kg,0,1.0,0.0034199000000008084
100,4,karmarkar-karp-kg,1,1.0,0.003987699999999705
100,4,karmarkar-karp-kg,2,1.0,0.0042472000000000065
100,4,karmarkar-karp-kg,3,1.0,0.0035042000000000684
100,4,karmarkar-karp-kg,4,1.0,0.003731000000000151
100,4,karmarkar-karp-kg,5,1.0,0.00344759999999944
100,4,karmarkar-karp-kg,6,1.0,0.005860900000000058
100,4,karmarkar-karp-kg,7,1.0,0.005302099999999754
100,4,karmarkar-karp-kg,8,1.0,0.003454200000000185
100,4,karmarkar-karp-kg,9,1.0,0.0034442999999999557
100,4,karmarkar-karp-sy,0,1.0,0.001225199999998594
100,4,karmarkar-karp-sy,1,1.0,0.0012631999999985766
100,4,karmarkar-karp-sy,2,1.0,0.0012182999999996724
100,4,karmarkar-karp-sy,3,0.0,0.0011266000000009768
100,4,karmarkar-karp-sy,4,1.0,0.0011063000000000045
100,4,karmarkar-karp-sy,5,1.0,0.0011054000000001452
100,4,karmarkar-karp-sy,6,0.0,0.00112269999999981
100,4,karmarkar-karp-sy,7,0.0,0.0011068999999999107
100,4,karmarkar-karp-sy,8,1.0,0.001162700000000072
100,4,karmarkar-karp-sy,9,0.0,0.0011235999999996693
100,8,karmarkar-karp-kg,0,3.0,0.009184199999999976
100,8,karmarkar-karp-kg,1,4.0,0.010488700000001572
100,8,karmarkar-karp-kg,2,1.0,0.010795899999999747
100,8,karmarkar-karp-kg,3,3.0,0.008551999999999893
100,8,karmarkar-karp-kg,4,0.0,0.010005200000000158
100,8,karmarkar-karp-kg,5,14.0,0.009726499999999305
100,8,karmarkar-karp-kg,6,1.0,0.010732900000000711
100,8,karmarkar-karp-kg,7,1.0,0.009297600000000017
100,8,karmarkar-karp-kg,8,1.0,0.009581000000000728
100,8,karmarkar-karp-kg,9,10.0,0.008149200000000079
100,8,karmarkar-karp-sy,0,1.0,0.0011326000000000391
100,8,karmarkar-karp-sy,1,0.0,0.0011644000000003984
100,8,karmarkar-karp-sy,2,0.0,0.0010836999999987995
100,8,karmarkar-karp-sy,3,1.0,0.0011058000000012669
100,8,karmarkar-karp-sy,4,1.0,0.0017091000000011292
100,8,karmarkar-karp-sy,5,0.0,0.0015271999999999508
100,8,karmarkar-karp-sy,6,0.0,0.0014716999999997427
100,8,karmarkar-karp-sy,7,0.0,0.001686900000001046
100,8,karmarkar-karp-sy,8,1.0,0.0014847000000006716
100,8,karmarkar-karp-sy,9,1.0,0.0013082000000004257
100,12,karmarkar-karp-kg,0,29.0,0.017889699999999564
100,12,karmarkar-karp-kg,1,115.0,0.0135512999999996
100,12,karmarkar-karp-kg,2,32.0,0.013642799999999511
100,12,karmarkar-karp-kg,3,54.0,0.013795999999999253
100,12,karmarkar-karp-kg,4,6.0,0.014289899999999633
100,12,karmarkar-karp-kg,5,1.0,0.01478519999999861
100,12,karmarkar-karp-kg,6,34.0,0.014484599999999404
100,12,karmarkar-karp-kg,7,4.0,0.014138599999999002
100,12,karmarkar-karp-kg,8,4.0,0.014965499999998855
100,12,karmarkar-karp-kg,9,10.0,0.014634900000000783
100,12,karmarkar-karp-sy,0,1.0,0.0012174999999992053
100,12,karmarkar-karp-sy,1,1.0,0.0012457999999995195
100,12,karmarkar-karp-sy,2,0.0,0.0014889999999994075
100,12,karmarkar-karp-sy,3,0.0,0.0012559999999997018
100,12,karmarkar-karp-sy,4,0.0,0.0013599000000006356
100,12,karmarkar-karp-sy,5,0.0,0.0012860000000003424
100,12,karmarkar-karp-sy,6,1.0,0.001254900000001058
100,12,karmarkar-karp-sy,7,1.0,0.0012714000000002557
100,12,karmarkar-karp-sy,8,0.0,0.0017209999999998615
100,12,karmarkar-karp-sy,9,0.0,0.0013570000000004967
100,16,karmarkar-karp-kg,0,380.0,0.01670709999999964
100,16,karmarkar-karp-kg,1,711.0,0.01853230000000039
100,16,karmarkar-karp-kg,2,103.0,0.017971400000000415
100,16,karmarkar-karp-kg,3,19.0,0.01648850000000124
100,16,karmarkar-karp-kg,4,340.0,0.01599269999999997
100,16,karmarkar-karp-kg,5,442.0,0.01643490000000014
100,16,karmarkar-karp-kg,6,96.0,0.015995300000000157
100,16,karmarkar-karp-kg,7,674.0,0.016279199999999605
100,16,karmarkar-karp-kg,8,7.0,0.016005299999999778
100,16,karmarkar-karp-kg,9,608.0,0.01741109999999857
100,16,karmarkar-karp-sy,0,1.0,0.0012627999999992312
100,16,karmarkar-karp-sy,1,0.0,0.0012851999999998753
100,16,karmarkar-karp-sy,2,1.0,0.0012205000000005128
100,16,karmarkar-karp-sy,3,1.0,0.0012526000000008253
100,16,karmarkar-karp-sy,4,0.0,0.0012526000000008253
100,16,karmarkar-karp-sy,5,0.0,0.0012555000000009642
100,16,karmarkar-karp-sy,6,1.0,0.0012185000000002333
100,16,karmarkar-karp-sy,7,1.0,0.0012086000000000041
100,16,karmarkar-karp-sy,8,0.0,0.0011921000000008064
100,16,karmarkar-karp-sy,9,0.0,0.001180800000000204
100,20,karmarkar-karp-kg,0,6486.0,0.017214600000000857
100,20,karmarkar-karp-kg,1,1963.0,0.017493700000001056
100,20,karmarkar-karp-kg,2,4329.0,0.020305700000001536
100,20,karmarkar-karp-kg,3,1186.0,0.01746110000000023
100,20,karmarkar-karp-kg,4,9642.0,0.016633000000000564
100,20,karmarkar-karp-kg,5,26154.0,0.017748599999999115
100,20,karmarkar-karp-kg,6,875.0,0.018020099999999317
100,20,karmarkar-karp-kg,7,24009.0,0.01950869999999938
100,20,karmarkar-karp-kg,8,4645.0,0.01729699999999923
100,20,karmarkar-karp-kg,9,4629.0,0.01797510000000102
100,20,karmarkar-karp-sy,0,0.0,0.0013729000000015645
100,20,karmarkar-karp-sy,1,1.0,0.0013190000000005142
100,20,karmarkar-karp-sy,2,1.0,0.002389700000000161
100,20,karmarkar-karp-sy,3,0.0,0.002487800000000817
100,20,karmarkar-karp-sy,4,1.0,0.002048800000000739
100,20,karmarkar-karp-sy,5,0.0,0.0026066999999994067
100,20,karmarkar-karp-sy,6,0.0,0.0014318000000006492
100,20,karmarkar-karp-sy,7,0.0,0.0013703000000013787
100,20,karmarkar-karp-sy,8,0.0,0.0018830999999988052
100,20,karmarkar-karp-sy,9,1.0,0.0026364999999994865
150,4,karmarkar-karp-kg,0,1.0,0.011531899999999595
150,4,karmarkar-karp-kg,1,1.0,0.010617200000000437
150,4,karmarkar-karp-kg,2,1.0,0.01072490000000137
150,4,karmarkar-karp-kg,3,1.0,0.01121350000000021
150,4,karmarkar-karp-kg,4,1.0,0.011363799999999813
150,4,karmarkar-karp-kg,5,1.0,0.011656000000000333
150,4,karmarkar-karp-kg,6,1.0,0.011310800000000398
150,4,karmarkar-karp-kg,7,1.0,0.01152450000000016
150,4,karmarkar-karp-kg,8,1.0,0.016259599999999708
150,4,karmarkar-karp-kg,9,1.0,0.01325760000000109
150,4,karmarkar-karp-sy,0,1.0,0.0038261999999988916
150,4,karmarkar-karp-sy,1,1.0,0.002313400000000243
150,4,karmarkar-karp-sy,2,1.0,0.0022202000000000055
150,4,karmarkar-karp-sy,3,1.0,0.002114699999999914
150,4,karmarkar-karp-sy,4,1.0,0.002214699999999681
150,4,karmarkar-karp-sy,5,0.0,0.002161199999999752
150,4,karmarkar-karp-sy,6,1.0,0.002114999999999867
150,4,karmarkar-karp-sy,7,0.0,0.0022853000000004897
150,4,karmarkar-karp-sy,8,1.0,0.002712899999998797
150,4,karmarkar-karp-sy,9,1.0,0.0022076999999995905
150,8,karmarkar-karp-kg,0,2.0,0.03290349999999975
150,8,karmarkar-karp-kg,1,3.0,0.030804299999999785
150,8,karmarkar-karp-kg,2,4.0,0.03590280000000057
150,8,karmarkar-karp-kg,3,1.0,0.030067300000000685
150,8,karmarkar-karp-kg,4,8.0,0.03435280000000063
150,8,karmarkar-karp-kg,5,0.0,0.043266599999999045
150,8,karmarkar-karp-kg,6,1.0,0.0317154999999989
150,8,karmarkar-karp-kg,7,3.0,0.040629900000000774
150,8,karmarkar-karp-kg,8,1.0,0.03243960000000001
150,8,karmarkar-karp-kg,9,6.0,0.04128020000000099
150,8,karmarkar-karp-sy,0,0.0,0.001982200000000489
150,8,karmarkar-karp-sy,1,1.0,0.002084899999999834
150,8,karmarkar-karp-sy,2,1.0,0.0019102000000010833
150,8,karmarkar-karp-sy,3,1.0,0.0024180000000004753
150,8,karmarkar-karp-sy,4,1.0,0.001945400000000319
150,8,karmarkar-karp-sy,5,0.0,0.002203500000000247
150,8,karmarkar-karp-sy,6,0.0,0.0020937999999990353
150,8,karmarkar-karp-sy,7,1.0,0.00206249999999919
150,8,karmarkar-karp-sy,8,0.0,0.001799000000000106
150,8,karmarkar-karp-sy,9,1.0,0.0023402000000007916
150,12,karmarkar-karp-kg,0,10.0,0.07249930000000049
150,12,karmarkar-karp-kg,1,3.0,0.07169470000000011
150,12,karmarkar-karp-kg,2,26.0,0.054269800000000146
150,12,karmarkar-karp-kg,3,125.0,0.04824209999999951
150,12,karmarkar-karp-kg,4,70.0,0.04583839999999917
150,12,karmarkar-karp-kg,5,35.0,0.04470099999999988
150,12,karmarkar-karp-kg,6,15.0,0.04210039999999893
150,12,karmarkar-karp-kg,7,6.0,0.046620199999999556
150,12,karmarkar-karp-kg,8,8.0,0.04433620000000005
150,12,karmarkar-karp-kg,9,29.0,0.04931570000000107
150,12,karmarkar-karp-sy,0,1.0,0.0018778000000008177
150,12,karmarkar-karp-sy,1,0.0,0.001950199999999569
150,12,karmarkar-karp-sy,2,1.0,0.0018644999999999357
150,12,karmarkar-karp-sy,3,0.0,0.002377300000000915
150,12,karmarkar-karp-sy,4,0.0,0.0019172000000011735
150,12,karmarkar-karp-sy,5,1.0,0.0017902000000002971
150,12,karmarkar-karp-sy,6,0.0,0.0019274000000013558
150,12,karmarkar-karp-sy,7,1.0,0.0018202000000009377
150,12,karmarkar-karp-sy,8,1.0,0.0019270999999996263
150,12,karmarkar-karp-sy,9,0.0,0.0017388999999994326
150,16,karmarkar-karp-kg,0,25.0,0.04861649999999962
150,16,karmarkar-karp-kg,1,111.0,0.04743260000000049
150,16,karmarkar-karp-kg,2,42.0,0.046421600000000396
150,16,karmarkar-karp-kg,3,222.0,0.05153169999999996
150,16,karmarkar-karp-kg,4,103.0,0.048681699999999495
150,16,karmarkar-karp-kg,5,50.0,0.04976670000000105
150,16,karmarkar-karp-kg,6,288.0,0.05355320000000141
150,16,karmarkar-karp-kg,7,87.0,0.04575629999999897
150,16,karmarkar-karp-kg,8,750.0,0.04829020000000028
150,16,karmarkar-karp-kg,9,185.0,0.04919190000000029
150,16,karmarkar-karp-sy,0,1.0,0.001955899999998678
150,16,karmarkar-karp-sy,1,0.0,0.0019482999999986816
150,16,karmarkar-karp-sy,2,1.0,0.0020722000000006346
150,16,karmarkar-karp-sy,3,1.0,0.0020786999999984346
150,16,karmarkar-karp-sy,4,0.0,0.0019615000000001714
150,16,karmarkar-karp-sy,5,0.0,0.0018823000000018908
150,16,karmarkar-karp-sy,6,0.0,0.0019887999999994577
150,16,karmarkar-karp-sy,7,1.0,0.0018132000000008475
150,16,karmarkar-karp-sy,8,1.0,0.0021357000000001847
150,16,karmarkar-karp-sy,9,1.0,0.0018593000000031168
150,20,karmarkar-karp-kg,0,1214.0,0.05401110000000031
150,20,karmarkar-karp-kg,1,5742.0,0.0528852999999998
150,20,karmarkar-karp-kg,2,1655.0,0.06818799999999925
150,20,karmarkar-karp-kg,3,3609.0,0.05432670000000073
150,20,karmarkar-karp-kg,4,5140.0,0.055652699999999555
150,20,karmarkar-karp-kg,5,4942.0,0.06407330000000044
150,20,karmarkar-karp-kg,6,3656.0,0.0526871999999976
150,20,karmarkar-karp-kg,7,5677.0,0.051581999999999795
150,20,karmarkar-karp-kg,8,316.0,0.05122129999999814
150,20,karmarkar-karp-kg,9,11667.0,0.05039239999999978
150,20,karmarkar-karp-sy,0,0.0,0.0026137999999988892
150,20,karmarkar-karp-sy,1,1.0,0.001975200000000399
150,20,karmarkar-karp-sy,2,0.0,0.001986900000002123
150,20,karmarkar-karp-sy,3,0.0,0.002195799999999082
150,20,karmarkar-karp-sy,4,1.0,0.0019615000000001714
150,20,karmarkar-karp-sy,5,1.0,0.0018367000000019118
150,20,karmarkar-karp-sy,6,1.0,0.0017491000000013912
150,20,karmarkar-karp-sy,7,1.0,0.002260599999999613
150,20,karmarkar-karp-sy,8,1.0,0.0019065999999980932
150,20,karmarkar-karp-sy,9,1.0,0.001825900000000047
200,4,karmarkar-karp-kg,0,1.0,0.020245400000000302
200,4,karmarkar-karp-kg,1,1.0,0.019590300000000838
200,4,karmarkar-karp-kg,2,1.0,0.02381689999999992
200,4,karmarkar-karp-kg,3,1.0,0.021719999999998407
200,4,karmarkar-karp-kg,4,1.0,0.02201170000000019
200,4,karmarkar-karp-kg,5,1.0,0.020939100000003208
200,4,karmarkar-karp-kg,6,1.0,0.0220476000000005
200,4,karmarkar-karp-kg,7,1.0,0.021591900000000663
200,4,karmarkar-karp-kg,8,1.0,0.0224808000000003
200,4,karmarkar-karp-kg,9,1.0,0.026670400000000427
200,4,karmarkar-karp-sy,0,0.0,0.0032840999999983467
200,4,karmarkar-karp-sy,1,0.0,0.003927400000002024
200,4,karmarkar-karp-sy,2,0.0,0.004652099999997716
200,4,karmarkar-karp-sy,3,0.0,0.00347200000000214
200,4,karmarkar-karp-sy,4,1.0,0.002807799999999361
200,4,karmarkar-karp-sy,5,1.0,0.003918900000002168
200,4,karmarkar-karp-sy,6,0.0,0.0027268999999989774
200,4,karmarkar-karp-sy,7,1.0,0.005555799999999778
200,4,karmarkar-karp-sy,8,0.0,0.0036354000000002884
200,4,karmarkar-karp-sy,9,1.0,0.0028292000000007533
200,8,karmarkar-karp-kg,0,3.0,0.07846039999999732
200,8,karmarkar-karp-kg,1,0.0,0.06675129999999996
200,8,karmarkar-karp-kg,2,0.0,0.08356479999999777
200,8,karmarkar-karp-kg,3,2.0,0.07903440000000117
200,8,karmarkar-karp-kg,4,1.0,0.08132940000000133
200,8,karmarkar-karp-kg,5,1.0,0.07200440000000086
200,8,karmarkar-karp-kg,6,2.0,0.0710203000000007
200,8,karmarkar-karp-kg,7,0.0,0.07005110000000059
200,8,karmarkar-karp-kg,8,0.0,0.06229109999999949
200,8,karmarkar-karp-kg,9,2.0,0.06569629999999904
200,8,karmarkar-karp-sy,0,0.0,0.0028404000000001872
200,8,karmarkar-karp-sy,1,0.0,0.002874599999998395
200,8,karmarkar-karp-sy,2,0.0,0.00364060000000066
200,8,karmarkar-karp-sy,3,0.0,0.0027676000000020906
200,8,karmarkar-karp-sy,4,0.0,0.002678400000000636
200,8,karmarkar-karp-sy,5,1.0,0.003323099999999357
200,8,karmarkar-karp-sy,6,1.0,0.0032168000000005748
200,8,karmarkar-karp-sy,7,1.0,0.004058600000000467
200,8,karmarkar-karp-sy,8,1.0,0.0030709000000008757
200,8,karmarkar-karp-sy,9,0.0,0.0028885999999985756
200,12,karmarkar-karp-kg,0,32.0,0.10047679999999914
200,12,karmarkar-karp-kg,1,17.0,0.0918941999999987
200,12,karmarkar-karp-kg,2,23.0,0.1033186999999991
200,12,karmarkar-karp-kg,3,1.0,0.09950350000000086
200,12,karmarkar-karp-kg,4,3.0,0.0917476999999991
200,12,karmarkar-karp-kg,5,7.0,0.0930023999999996
200,12,karmarkar-karp-kg,6,6.0,0.09255980000000008
200,12,karmarkar-karp-kg,7,30.0,0.088902700000002
200,12,karmarkar-karp-kg,8,13.0,0.0882011000000027
200,12,karmarkar-karp-kg,9,16.0,0.08999519999999706
200,12,karmarkar-karp-sy,0,0.0,0.0035215000000015095
200,12,karmarkar-karp-sy,1,1.0,0.002418300000002205
200,12,karmarkar-karp-sy,2,0.0,0.002312899999999729
200,12,karmarkar-karp-sy,3,0.0,0.0024599999999992406
200,12,karmarkar-karp-sy,4,1.0,0.002931000000000239
200,12,karmarkar-karp-sy,5,1.0,0.0023834999999969853
200,12,karmarkar-karp-sy,6,0.0,0.0024772999999989054
200,12,karmarkar-karp-sy,7,1.0,0.002438200000000279
200,12,karmarkar-karp-sy,8,0.0,0.0025148000000001502
200,12,karmarkar-karp-sy,9,1.0,0.0023945999999988032
200,16,karmarkar-karp-kg,0,421.0,0.10496790000000189
200,16,karmarkar-karp-kg,1,191.0,0.10154170000000207
200,16,karmarkar-karp-kg,2,148.0,0.103707
200,16,karmarkar-karp-kg,3,252.0,0.10769210000000129
200,16,karmarkar-karp-kg,4,469.0,0.10551770000000005
200,16,karmarkar-karp-kg,5,56.0,0.10411760000000214
200,16,karmarkar-karp-kg,6,63.0,0.10254439999999931
200,16,karmarkar-karp-kg,7,608.0,0.09998950000000306
200,16,karmarkar-karp-kg,8,1333.0,0.10985030000000151
200,16,karmarkar-karp-kg,9,159.0,0.11048899999999762
200,16,karmarkar-karp-sy,0,1.0,0.002543599999999202
200,16,karmarkar-karp-sy,1,1.0,0.002736000000002292
200,16,karmarkar-karp-sy,2,0.0,0.002417900000001083
200,16,karmarkar-karp-sy,3,1.0,0.0024087000000001524
200,16,karmarkar-karp-sy,4,1.0,0.0027292999999986023
200,16,karmarkar-karp-sy,5,0.0,0.0026833000000010543
200,16,karmarkar-karp-sy,6,1.0,0.0023617000000015764
200,16,karmarkar-karp-sy,7,0.0,0.0024353000000019165
200,16,karmarkar-karp-sy,8,0.0,0.0026994999999985225
200,16,karmarkar-karp-sy,9,1.0,0.002590299999997825
200,20,karmarkar-karp-kg,0,10143.0,0.11116880000000151
200,20,karmarkar-karp-kg,1,372.0,0.11579740000000172
200,20,karmarkar-karp-kg,2,585.0,0.11090779999999967
200,20,karmarkar-karp-kg,3,1869.0,0.11362210000000061
200,20,karmarkar-karp-kg,4,2974.0,0.15524930000000126
200,20,karmarkar-karp-kg,5,3000.0,0.2047775999999999
200,20,karmarkar-karp-kg,6,1843.0,0.14152959999999837
200,20,karmarkar-karp-kg,7,2908.0,0.14428239999999803
200,20,karmarkar-karp-kg,8,4274.0,0.1321645999999994
200,20,karmarkar-karp-kg,9,11400.0,0.12382320000000036
200,20,karmarkar-karp-sy,0,0.0,0.002729000000002202
200,20,karmarkar-karp-sy,1,1.0,0.0031727000000003613
200,20,karmarkar-karp-sy,2,1.0,0.00310620000000128
200,20,karmarkar-karp-sy,3,0.0,0.0025181000000031872
200,20,karmarkar-karp-sy,4,1.0,0.003432999999997577
200,20,karmarkar-karp-sy,5,0.0,0.0027900000000009584
200,20,karmarkar-karp-sy,6,0.0,0.003422400000001602
200,20,karmarkar-karp-sy,7,1.0,0.003442700000000798
200,20,karmarkar-karp-sy,8,0.0,0.0027129999999999654
200,20,karmarkar-karp-sy,9,0.0,0.003229999999998512
