algorithm,numbins,numitems,bitsperitem,instance_id,runtime,diff
integer-programming,2,10,16,0,0.7090472,0.0009805407658639
integer-programming,2,10,16,1,0.1219639000000001,0.0047278270080347
integer-programming,2,10,16,2,0.1256437000000001,0.0005909932626768
integer-programming,2,10,16,3,0.1028312,0.0023413009404388
integer-programming,2,10,16,4,0.0812847999999999,0.0047247329498767
integer-programming,2,10,16,5,0.0665254000000001,0.0147378201683682
integer-programming,2,10,16,6,0.1111996000000001,0.0038066344199891
integer-programming,2,10,16,7,0.1020688,0.0006025842122936
integer-programming,2,10,16,8,0.0783966999999998,0.0003085092459286
integer-programming,2,10,16,9,0.0963644999999999,0.0005031831805552
integer-programming,2,10,32,0,0.0484127999999999,0.0037717127435977
integer-programming,2,10,32,1,0.1242795000000001,0.0002743990979856
integer-programming,2,10,32,2,0.1227546999999997,0.0043274058647722
integer-programming,2,10,32,3,0.1042309999999999,0.000335782939857
integer-programming,2,10,32,4,0.0975622999999998,0.0014505181554755
integer-programming,2,10,32,5,0.1050336999999999,0.0081685224963289
integer-programming,2,10,32,6,0.0875740999999998,0.0011339201812745
integer-programming,2,10,32,7,0.1198955000000001,0.0009781837520486
integer-programming,2,10,32,8,0.077865,0.0014153406455745
integer-programming,2,10,32,9,0.1050648999999999,0.0004965541666069
integer-programming,2,10,48,0,0.0979472000000001,0.0019738580777839
integer-programming,2,10,48,1,0.0894707000000001,0.0024019270907594
integer-programming,2,10,48,2,0.0421832000000002,0.0006391577566546
integer-programming,2,10,48,3,0.0992182999999999,0.000694226918638
integer-programming,2,10,48,4,0.0904708999999996,0.001624908394185
integer-programming,2,10,48,5,0.0658658999999999,0.0029880845323797
integer-programming,2,10,48,6,0.0794538999999998,0.0007266129140479
integer-programming,2,10,48,7,0.0586921,0.0032028591491822
integer-programming,2,10,48,8,0.0888012000000006,0.0004785017715077
integer-programming,2,10,48,9,0.0586861999999994,0.0030880777953227
integer-programming,2,20,16,0,0.3427585000000004,2.8976268436150794e-06
integer-programming,2,20,16,1,0.5017199999999997,0.0
integer-programming,2,20,16,2,0.1888875999999992,0.0
integer-programming,2,20,16,3,0.2735827000000004,3.07842913917886e-06
integer-programming,2,20,16,4,0.3456628999999998,2.514458134272064e-06
integer-programming,2,20,16,5,0.4787303999999999,3.139618850271577e-06
integer-programming,2,20,16,6,0.2839164999999992,3.267375905063125e-06
integer-programming,2,20,16,7,0.3163869999999997,0.0
integer-programming,2,20,16,8,0.3083328999999999,3.7672161779331536e-06
integer-programming,2,20,16,9,0.1793407,0.0
integer-programming,2,20,32,0,1.625584700000001,2.493402202221537e-06
integer-programming,2,30,16,0,0.2345525999999989,0.0
integer-programming,2,30,16,1,0.3314972000000011,0.0
integer-programming,2,30,16,2,0.2557999999999989,0.0
integer-programming,2,30,16,3,0.6834748000000008,2.0051210792363696e-06
integer-programming,2,30,16,4,0.2225432000000005,0.0
integer-programming,2,30,16,5,0.3020677000000002,1.763892416673722e-06
integer-programming,2,30,16,6,0.3835651999999996,0.0
integer-programming,2,30,16,7,0.4369755000000008,2.009222330496981e-06
integer-programming,2,30,16,8,0.0795428999999998,2.220366982254827e-06
integer-programming,2,30,16,9,0.6713448,2.0185993746379137e-06
integer-programming,2,40,16,0,0.276110899999999,1.723499047766776e-06
integer-programming,2,40,16,1,0.3662513,0.0
integer-programming,2,40,16,2,0.3431172,1.4048416462496348e-06
integer-programming,2,40,16,3,0.3014836000000009,0.0
integer-programming,2,40,16,4,0.3639459,2.0842799438078127e-06
integer-programming,2,40,16,5,0.2194096000000001,1.5655773379549176e-06
integer-programming,2,40,16,6,0.4462416999999998,1.3815780384355011e-06
integer-programming,2,40,16,7,0.3008297999999998,0.0
integer-programming,2,40,16,8,0.2296971999999999,0.0
integer-programming,2,40,16,9,0.5906070999999997,0.0
integer-programming,2,50,16,0,0.2060500000000003,1.230334638718385e-06
integer-programming,2,50,16,1,0.3015985000000003,0.0
integer-programming,2,50,16,2,0.2881663000000003,1.648076365266461e-06
integer-programming,2,50,16,3,0.3071475000000001,1.2084212459789785e-06
integer-programming,2,50,16,4,0.2366536000000003,1.0928937860245115e-06
integer-programming,2,50,16,5,0.6766813999999997,1.1183855880359584e-06
integer-programming,2,50,16,6,1.5549299999999997,1.1458021818365146e-06
integer-programming,2,60,16,0,0.2921440000000004,0.0
integer-programming,2,60,16,1,0.1757049000000003,1.0127033508328472e-06
integer-programming,2,60,16,2,0.2986373000000002,0.0
integer-programming,2,60,16,3,0.1751180000000003,1.0055951313106122e-06
integer-programming,2,60,16,4,0.2880604000000009,9.42743421065036e-07
integer-programming,2,60,16,5,0.0397607000000004,0.0
integer-programming,2,70,16,0,0.9690140000000014,0.0
integer-programming,2,70,16,1,0.1338027999999997,9.56630212678029e-07
integer-programming,2,70,16,2,0.2086925999999991,0.0
integer-programming,2,70,16,3,0.1478765000000006,7.847457972938826e-07
integer-programming,2,70,16,4,0.2235510000000005,7.685650736362197e-07
integer-programming,2,70,16,5,0.2688335999999989,8.684241835292933e-07
integer-programming,2,80,16,0,0.1720072000000012,8.124070809401174e-07
integer-programming,2,80,16,1,0.3978033000000014,7.865759797000471e-07
integer-programming,2,80,16,2,0.3295675000000013,8.576196936925501e-07
integer-programming,2,80,16,3,0.3907939000000002,8.091190958579575e-07
integer-programming,2,80,16,4,0.3691940999999996,8.029800194481761e-07
integer-programming,2,80,16,5,0.1730958999999998,8.552483598474579e-07
complete-greedy,2,10,16,0,0.0121600000000015,0.0012843184077033
complete-greedy,2,10,16,1,0.0134372000000002,0.0036555484175398
complete-greedy,2,10,16,2,0.0113537999999984,0.0031180672041556
complete-greedy,2,10,16,3,0.012096099999999,0.0015458453565749
complete-greedy,2,10,16,4,0.0112734999999997,0.0015336376098362
complete-greedy,2,10,16,5,0.011082,0.0034866012118855
complete-greedy,2,10,16,6,0.0114996000000004,0.0018498734888951
complete-greedy,2,10,16,7,0.0115952000000003,0.0010027709419264
complete-greedy,2,10,16,8,0.0107200000000009,0.0011698687464333
complete-greedy,2,10,16,9,0.0097325999999995,0.0004833685416592
complete-greedy,2,10,32,0,0.0140525,0.0003485977913801
complete-greedy,2,10,32,1,0.0168578000000003,0.0002284829492718
complete-greedy,2,10,32,2,0.0132167000000009,0.0001053000831414
complete-greedy,2,10,32,3,0.0134355999999993,0.0004910556592372
complete-greedy,2,10,32,4,0.0121494000000001,0.0002073792255958
complete-greedy,2,10,32,5,0.0157669999999985,0.0014571849006466
complete-greedy,2,10,32,6,0.0136035999999997,0.001178554673984
complete-greedy,2,10,32,7,0.0117637999999988,0.0009752047743349
complete-greedy,2,10,32,8,0.0120177999999988,0.0009553865243828
complete-greedy,2,10,32,9,0.0154070999999991,0.0001997289504315
complete-greedy,2,10,48,0,0.0177824999999991,0.0033332535090957
complete-greedy,2,10,48,1,0.0113602000000003,0.0001532846323794
complete-greedy,2,10,48,2,0.0110825000000005,0.0014032328826699
complete-greedy,2,10,48,3,0.0126891000000011,0.0052555393454878
complete-greedy,2,10,48,4,0.0129319999999992,0.0002477212165835
complete-greedy,2,10,48,5,0.0138347999999997,0.0017833504085618
complete-greedy,2,10,48,6,0.0105779999999988,0.0007587830508741
complete-greedy,2,10,48,7,0.0111154999999989,0.0009495646090773
complete-greedy,2,10,48,8,0.0127219000000007,0.0063024127549642
complete-greedy,2,10,48,9,0.0121956,0.0002366409108647
complete-greedy,2,20,16,0,9.9409925,3.045104081657511e-06
integer-programming,2,20,32,1,4.394354,3.190073663172243e-08
integer-programming,2,20,32,2,1.7256020000000003,1.9879642757843148e-06
integer-programming,2,20,32,3,1.4534237,2.161839479294405e-06
integer-programming,2,20,32,4,1.6721184000000004,9.110991529525992e-07
integer-programming,2,20,32,5,1.2703948999999994,1.3968157255967077e-06
integer-programming,2,20,32,6,1.1542168999999998,1.647377538329231e-07
integer-programming,2,20,32,7,1.5647049000000006,4.047223705078764e-06
integer-programming,2,20,32,8,7.6403245,1.8545690418288186e-07
integer-programming,2,20,32,9,1.1692254999999996,5.620872004828144e-07
integer-programming,2,20,48,0,2.8374713000000007,9.344684145199074e-07
integer-programming,2,20,48,1,3.507883,2.6724485135932e-07
integer-programming,2,20,48,2,0.9535049999999998,2.661477400351964e-07
integer-programming,2,20,48,3,4.063548500000003,1.5190516796688188e-06
integer-programming,2,20,48,4,2.0351596,1.7319907842641274e-06
integer-programming,2,20,48,5,1.312690400000001,1.358187241774212e-06
integer-programming,2,20,48,6,4.689281599999994,5.692801655491267e-07
integer-programming,2,20,48,7,1.0633511999999996,5.063652210949444e-07
integer-programming,2,20,48,8,1.0390329000000025,1.6021006698900454e-06
integer-programming,2,20,48,9,0.9993651999999996,2.2186815448838365e-07
integer-programming,2,30,32,0,5324.4557254,3.154503185526226e-09
integer-programming,2,50,16,7,0.0186093000002074,0.0
integer-programming,2,50,16,8,0.7819337000000814,0.0
integer-programming,2,50,16,9,0.1344924000004539,0.0
integer-programming,2,60,16,6,0.4260500999998839,9.618436619311896e-07
integer-programming,2,60,16,7,0.3062861999997039,0.0
integer-programming,2,60,16,8,0.9061224999995828,1.0445718822140746e-06
integer-programming,2,60,16,9,0.1404682000002139,0.0
integer-programming,2,70,16,6,0.0263819000001603,8.860401712892859e-07
integer-programming,2,70,16,7,0.226992899999459,0.0
integer-programming,2,70,16,8,0.0436884999999165,9.41998336430938e-07
integer-programming,2,70,16,9,1.201495400000567,8.608504169098569e-07
integer-programming,2,80,16,6,0.482277800000702,7.471289701499562e-07
integer-programming,2,80,16,7,0.3092851999999766,0.0
integer-programming,2,80,16,8,1.0774205999996411,0.0
integer-programming,2,80,16,9,0.1989236999997956,0.0
integer-programming,2,90,16,0,0.3999514000006456,7.005788883354316e-07
integer-programming,2,90,16,1,0.0680413000000044,0.0
integer-programming,2,90,16,2,0.1791242999997848,6.57596655200373e-07
integer-programming,2,90,16,3,0.2267389999997249,6.569369918592368e-07
integer-programming,2,90,16,4,0.1467233000003034,6.317710057541703e-07
integer-programming,2,90,16,5,0.4476292999997895,0.0
integer-programming,2,90,16,6,0.3201028000003134,6.775742570567665e-07
integer-programming,2,90,16,7,0.0817340999992666,6.614334055618612e-07
integer-programming,2,90,16,8,0.5860081999999238,6.66366801605944e-07
integer-programming,2,90,16,9,0.2843008999998346,0.0
integer-programming,2,100,16,0,0.3007381999996141,0.0
integer-programming,2,100,16,1,0.323441499999717,0.0
integer-programming,2,100,16,2,0.5110157999997682,0.0
integer-programming,2,100,16,3,0.5782316999993782,5.66130239393833e-07
integer-programming,2,100,16,4,1.6177670999995826,0.0
integer-programming,2,100,16,5,0.5339957999995022,0.0
integer-programming,2,100,16,6,0.6630503999995199,6.21552326936524e-07
integer-programming,2,100,16,7,1.3194998999997551,6.223751328770908e-07
integer-programming,2,100,16,8,0.2009621000006518,0.0
integer-programming,2,100,16,9,0.3645437999994101,5.947884634829623e-07
complete-greedy,2,20,16,1,8.96086430000014,2.857796067672611e-06
complete-greedy,2,20,16,2,9.05137620000005,2.6421684805153284e-06
complete-greedy,2,20,16,3,9.126366100000268,3.3045070171206508e-06
complete-greedy,2,20,16,4,9.09532760000002,3.049161633009004e-06
complete-greedy,2,20,16,5,9.188332300000184,3.330080954267998e-06
complete-greedy,2,20,16,6,8.821884199999658,3.770852816072883e-06
complete-greedy,2,20,16,7,9.13462460000028,4.78296117909559e-06
complete-greedy,2,20,16,8,8.998381800000061,2.8204607504681967e-06
complete-greedy,2,20,16,9,8.967568000000028,0.0
complete-greedy,2,20,32,0,9.151490700000068,6.910830443509514e-07
complete-greedy,2,20,32,1,8.950583499999993,9.855873971015108e-08
complete-greedy,2,20,32,2,9.040658599999915,1.3943539454935649e-06
complete-greedy,2,20,32,3,9.324673899999652,6.853698541536482e-07
complete-greedy,2,20,32,4,9.32069539999975,6.181486481461612e-07
complete-greedy,2,20,32,5,8.975600900000245,1.5044475235454922e-07
complete-greedy,2,20,32,6,8.79058780000014,2.0526263410292186e-06
complete-greedy,2,20,32,7,9.068053300000429,2.8854042975710965e-08
complete-greedy,2,20,32,8,8.860948599999574,3.103481176473165e-07
complete-greedy,2,20,32,9,9.1508045999999,2.108694509280641e-07
complete-greedy,2,20,48,0,9.078841900000045,2.6765806840519025e-06
complete-greedy,2,20,48,1,9.113026099999844,5.992509876663969e-07
complete-greedy,2,20,48,2,8.913516900000104,1.7678726155012429e-06
complete-greedy,2,20,48,3,8.88376049999988,5.240683112748163e-07
complete-greedy,2,20,48,4,9.025829799999885,1.7571265146050326e-06
complete-greedy,2,20,48,5,8.928833699999814,2.7726150417292896e-06
complete-greedy,2,20,48,6,9.186402000000273,6.156680266045673e-07
complete-greedy,2,20,48,7,9.052477399999589,8.813003338472353e-07
complete-greedy,2,20,48,8,8.859589299999243,8.767854091333658e-07
complete-greedy,2,20,48,9,8.962829600000077,1.403290199639378e-06
complete-greedy,2,30,16,0,9745.9001785,1.8115449761328948e-06
complete-karmarkar-karp,2,10,16,0,0.0018858000000001,0.001072575506161
complete-karmarkar-karp,2,10,16,1,0.0021507,0.0006610910497003
complete-karmarkar-karp,2,10,16,2,0.0070637000000002,0.0054269600622784
complete-karmarkar-karp,2,10,16,3,0.0030681999999999,0.0006831934413429
complete-karmarkar-karp,2,10,16,4,0.0044778,0.0012969332764078
complete-karmarkar-karp,2,10,16,5,0.0051524,0.0374349146498174
complete-karmarkar-karp,2,10,16,6,0.0014157999999997,0.0007541040663611
complete-karmarkar-karp,2,10,16,7,0.0044473000000002,0.0057623088861737
complete-karmarkar-karp,2,10,16,8,0.0025782999999997,0.0021598414360311
complete-karmarkar-karp,2,10,16,9,0.0043318000000001,0.0027517376140888
complete-karmarkar-karp,2,10,32,0,0.0039864,0.0272681330219623
complete-karmarkar-karp,2,10,32,1,0.003746,0.0021879755661676
complete-karmarkar-karp,2,10,32,2,0.0025666999999995,0.0006926513472992
complete-karmarkar-karp,2,10,32,3,0.0013437,0.0007229276487232
complete-karmarkar-karp,2,10,32,4,0.0048129999999999,0.0039881253585041
complete-karmarkar-karp,2,10,32,5,0.0040551000000004,0.0100577549633766
complete-karmarkar-karp,2,10,32,6,0.0024054000000002,0.0040199816228218
complete-karmarkar-karp,2,10,32,7,0.0021353999999997,0.0164250437376898
complete-karmarkar-karp,2,10,32,8,0.0019990999999999,0.0481449550675741
complete-karmarkar-karp,2,10,32,9,0.0037877000000001,0.0009152896548344
complete-karmarkar-karp,2,10,48,0,0.0044231999999997,0.0217850353597029
complete-karmarkar-karp,2,10,48,1,0.0026123,0.0012866354094075
complete-karmarkar-karp,2,10,48,2,0.0036401000000001,0.0013592321347103
complete-karmarkar-karp,2,10,48,3,0.0051478999999998,0.0023901122589932
complete-karmarkar-karp,2,10,48,4,0.0049736999999998,0.0039080392493722
complete-karmarkar-karp,2,10,48,5,0.0031904999999996,0.0016842998111846
complete-karmarkar-karp,2,10,48,6,0.0026741000000001,0.0010138919821845
complete-karmarkar-karp,2,10,48,7,0.0059615000000001,0.0012118871347732
complete-karmarkar-karp,2,10,48,8,0.0049139999999998,0.0038645826005604
complete-karmarkar-karp,2,10,48,9,0.0043223000000001,0.0182472423431681
complete-karmarkar-karp,2,20,16,0,3.5973356,0.000180262128868
complete-karmarkar-karp,2,20,16,1,2.1486108,0.0001052279140957
complete-karmarkar-karp,2,20,16,2,3.1349131000000003,2.61215960295174e-06
complete-karmarkar-karp,2,20,16,3,3.876848200000001,1.3246120873502196e-05
complete-karmarkar-karp,2,20,16,4,3.4930424,0.0003105184875923
complete-karmarkar-karp,2,20,16,5,3.632271899999999,0.0006574021119411
complete-karmarkar-karp,2,20,16,6,3.0024627000000024,0.0005165317489382
complete-karmarkar-karp,2,20,16,7,1.257404600000001,3.569112896989453e-05
complete-karmarkar-karp,2,20,16,8,3.348502,0.0
complete-karmarkar-karp,2,20,16,9,1.513894699999998,2.8220785313903324e-05
complete-karmarkar-karp,2,20,32,0,2.275153000000003,8.264240955494629e-06
complete-karmarkar-karp,2,20,32,1,3.224334799999994,0.000474727521487
complete-karmarkar-karp,2,20,32,2,2.944192299999997,6.726628018053288e-06
complete-karmarkar-karp,2,20,32,3,3.725874600000005,3.036412230632469e-07
complete-karmarkar-karp,2,20,32,4,1.7075527000000008,5.434755904633233e-05
complete-karmarkar-karp,2,20,32,5,3.9677139,0.0004395311942698
complete-karmarkar-karp,2,20,32,6,2.495201800000004,0.0002919539376368
complete-karmarkar-karp,2,20,32,7,3.0158453999999963,0.0002345060792691
complete-karmarkar-karp,2,20,32,8,2.033178200000002,0.0005177710664078
complete-karmarkar-karp,2,20,32,9,3.285789000000001,5.848393324844646e-05
complete-karmarkar-karp,2,20,48,0,3.668278800000003,0.0002315387877381
complete-karmarkar-karp,2,20,48,1,2.624404900000002,0.0001703168442065
complete-karmarkar-karp,2,20,48,2,3.877702999999997,0.0004507747399041
complete-karmarkar-karp,2,20,48,3,3.500431199999994,4.324537258357311e-06
complete-karmarkar-karp,2,20,48,4,3.991895599999992,0.0003413313169829
complete-karmarkar-karp,2,20,48,5,2.720663000000002,2.7276648548186896e-05
complete-karmarkar-karp,2,20,48,6,1.7470933999999971,8.859520576894667e-05
complete-karmarkar-karp,2,20,48,7,4.001068500000002,0.0003234530858119
complete-karmarkar-karp,2,20,48,8,3.747544500000004,8.07181166424692e-06
complete-karmarkar-karp,2,20,48,9,2.021791399999998,0.0006892621791165
complete-karmarkar-karp,2,30,16,0,2295.0678374,1.7597733411936542e-06
complete-karmarkar-karp-sy,2,10,16,0,0.0074605999998311,0.0025816727956897
complete-karmarkar-karp-sy,2,10,16,1,0.0027170999996997,0.0018429644597868
complete-karmarkar-karp-sy,2,10,16,2,0.0073520000000826,1.167426466725427e-05
complete-karmarkar-karp-sy,2,10,16,3,0.0142568000001119,2.646973186161624e-05
complete-karmarkar-karp-sy,2,10,16,4,0.0017551000000821,0.0009101574999111
complete-karmarkar-karp-sy,2,10,16,5,0.0101157000003695,0.0028130393692402
complete-karmarkar-karp-sy,2,10,16,6,0.006856300000436,0.0018861622492484
complete-karmarkar-karp-sy,2,10,16,7,0.0041596999999455,0.0008958025253099
complete-karmarkar-karp-sy,2,10,16,8,0.0070258999999168,0.0023946857253006
complete-karmarkar-karp-sy,2,10,16,9,0.0072076000001288,0.0005714653659792
complete-karmarkar-karp-sy,2,10,32,0,0.0044720000000779,0.0005696544341926
complete-karmarkar-karp-sy,2,10,32,1,0.0036722999998346,0.0007000487450847
complete-karmarkar-karp-sy,2,10,32,2,0.0041753999998945,0.0007915465385538
complete-karmarkar-karp-sy,2,10,32,3,0.005260900000394,6.817020590722921e-06
complete-karmarkar-karp-sy,2,10,32,4,0.0060626999998021,0.0008669868089987
complete-karmarkar-karp-sy,2,10,32,5,0.005387900000187,0.0035507473367685
complete-karmarkar-karp-sy,2,10,32,6,0.0053510000002461,0.0092852278119484
complete-karmarkar-karp-sy,2,10,32,7,0.0037293999998837,0.0018643158055419
complete-karmarkar-karp-sy,2,10,32,8,0.0079986999999164,0.0044762738078299
complete-karmarkar-karp-sy,2,10,32,9,0.003860700000132,0.0053810015287058
complete-karmarkar-karp-sy,2,10,48,0,0.0104013000000122,0.0001655431813833
complete-karmarkar-karp-sy,2,10,48,1,0.0062671000000591,0.0016804064371524
complete-karmarkar-karp-sy,2,10,48,2,0.0040242000000034,0.0009615718450837
complete-karmarkar-karp-sy,2,10,48,3,0.0066050000000359,0.0017693066505861
complete-karmarkar-karp-sy,2,10,48,4,0.003354500000114,0.0036496770196056
complete-karmarkar-karp-sy,2,10,48,5,0.009149200000138,0.0024121803140677
complete-karmarkar-karp-sy,2,10,48,6,0.0074417999999241,0.0021758986301027
complete-karmarkar-karp-sy,2,10,48,7,0.0083451000000422,0.0032311246424354
complete-karmarkar-karp-sy,2,10,48,8,0.0085283000003073,0.001063358131188
complete-karmarkar-karp-sy,2,10,48,9,0.0068335000000843,0.0017673769865286
complete-karmarkar-karp-sy,2,20,16,0,0.3985701999999946,0.0
complete-karmarkar-karp-sy,2,20,16,1,4.409922000000279,3.015563322306424e-06
complete-karmarkar-karp-sy,2,20,16,2,4.68358550000039,2.7484004309491875e-06
complete-karmarkar-karp-sy,2,20,16,3,0.0668878999999833,0.0
complete-karmarkar-karp-sy,2,20,16,4,2.59337000000005,0.0
complete-karmarkar-karp-sy,2,20,16,5,0.5462007999999514,0.0
complete-karmarkar-karp-sy,2,20,16,6,2.470300899999984,3.3511727429013784e-06
complete-karmarkar-karp-sy,2,20,16,7,4.761846299999888,2.8198483485558147e-06
complete-karmarkar-karp-sy,2,20,16,8,4.978593700000147,2.4904801396661264e-06
complete-karmarkar-karp-sy,2,20,16,9,1.635014300000421,5.148190668389594e-06
complete-karmarkar-karp-sy,2,20,32,0,3.347257200000058,1.7439993042851498e-06
complete-karmarkar-karp-sy,2,20,32,1,5.133056499999839,6.381449338211346e-07
complete-karmarkar-karp-sy,2,20,32,2,5.44141929999978,5.545967935315029e-08
complete-karmarkar-karp-sy,2,20,32,3,3.7407318000000487,2.1294358498943973e-07
complete-karmarkar-karp-sy,2,20,32,4,2.2329703999998856,1.9301111067462784e-07
complete-karmarkar-karp-sy,2,20,32,5,4.092226799999935,1.3263817640955225e-06
complete-karmarkar-karp-sy,2,20,32,6,5.178982299999916,2.709892187513415e-06
complete-karmarkar-karp-sy,2,20,32,7,5.020108799999889,6.400668958110155e-07
complete-karmarkar-karp-sy,2,20,32,8,4.960043600000063,6.190074585401997e-08
complete-karmarkar-karp-sy,2,20,32,9,3.523816999999781,7.764188592915011e-06
complete-karmarkar-karp-sy,2,20,48,0,5.246140699999614,1.2768853486119923e-06
complete-karmarkar-karp-sy,2,20,48,1,4.425292899999931,2.5813971150986515e-09
complete-karmarkar-karp-sy,2,20,48,2,4.500968099999682,2.3683983770232185e-07
complete-karmarkar-karp-sy,2,20,48,3,3.941762800000106,1.327112876253487e-06
complete-karmarkar-karp-sy,2,20,48,4,3.632503599999836,4.38904829173692e-07
complete-karmarkar-karp-sy,2,20,48,5,3.9620645999998487,3.217360987131051e-07
complete-karmarkar-karp-sy,2,20,48,6,5.67857580000009,2.40595147105146e-06
complete-karmarkar-karp-sy,2,20,48,7,3.714912099999765,1.4502811133094654e-07
complete-karmarkar-karp-sy,2,20,48,8,4.73417900000004,2.6901624834866084e-07
complete-karmarkar-karp-sy,2,20,48,9,4.63936590000003,9.37902610884937e-07
complete-karmarkar-karp-sy,2,30,16,1,0.3358422999999675,0.0
complete-karmarkar-karp-sy,2,30,16,0,4480.9117594,1.8884314688219964e-06
complete-karmarkar-karp-sy,2,30,32,0,99217.8296103,6.783971142437109e-10
integer-programming,2,15,16,0,0.9722219,7.798649273945752e-05
integer-programming,2,15,16,1,0.3899651999999998,1.813368150001813e-05
integer-programming,2,15,16,2,0.4119209000000001,6.596567146456984e-06
integer-programming,2,15,16,3,0.3892134,1.8482153170844403e-05
integer-programming,2,15,16,4,0.2902491000000005,7.761628144480665e-05
integer-programming,2,15,16,5,0.4786344999999992,8.6878457038603e-05
integer-programming,2,15,16,6,0.3684303999999994,0.0001846873653321
integer-programming,2,15,16,7,0.4503098999999997,3.887541207936804e-06
integer-programming,2,15,16,8,0.4209889000000002,5.998290487211145e-05
integer-programming,2,15,16,9,0.2838488999999997,3.8250059765718383e-05
integer-programming,2,15,32,0,0.5408211000000005,1.02788531077463e-05
integer-programming,2,15,32,1,0.1984066000000002,4.044624685651349e-06
integer-programming,2,15,32,2,0.5140698000000006,0.0001468498639503
integer-programming,2,15,32,3,0.433340900000001,5.288865696751446e-05
integer-programming,2,15,32,4,0.4168830999999997,9.11671443603028e-06
integer-programming,2,15,32,5,0.5888504000000001,7.0083180350720696e-06
integer-programming,2,15,32,6,0.497015300000001,2.7514825555816452e-05
integer-programming,2,15,32,7,0.3935116000000001,2.246236037974243e-05
integer-programming,2,15,32,8,0.4845615999999992,9.525830591211338e-05
integer-programming,2,15,32,9,0.4082512000000005,1.3694237001834216e-05
integer-programming,2,15,48,0,0.4593971999999997,2.7199447406243176e-05
integer-programming,2,15,48,1,0.5387712999999987,1.484337121793309e-05
integer-programming,2,15,48,2,0.6370049000000009,2.470339614423382e-05
integer-programming,2,15,48,3,0.533438499999999,5.221732563941192e-05
integer-programming,2,15,48,4,0.4801970000000004,8.450654831998534e-05
integer-programming,2,15,48,5,0.0583076999999985,0.000219438824303
integer-programming,2,15,48,6,0.3396337000000002,2.2706832282047567e-05
integer-programming,2,15,48,7,0.0650805000000005,0.0003012898060507
integer-programming,2,15,48,8,0.0522894999999987,0.00045597398994
integer-programming,2,15,48,9,0.5461857999999999,4.040007069445091e-05
integer-programming,2,25,16,0,0.4056628,2.4054710032497918e-06
integer-programming,2,25,16,1,0.2630901999999988,2.52861763002784e-06
integer-programming,2,25,16,2,0.4930833999999997,2.144142096585025e-06
integer-programming,2,25,16,3,0.0209296999999999,0.0
integer-programming,2,25,16,4,0.3001847999999967,2.679363276111065e-06
integer-programming,2,25,16,5,0.458287300000002,2.5082710237006527e-06
integer-programming,2,25,16,6,0.2745442999999987,0.0
integer-programming,2,25,16,7,0.6180234999999996,0.0
integer-programming,2,25,16,8,0.2399540000000009,0.0
integer-programming,2,25,16,9,0.2097771000000001,0.0
integer-programming,2,25,32,0,265.9280345,5.940974901205624e-08
integer-programming,2,35,16,0,0.1369503999999892,1.8226323550050395e-06
integer-programming,2,35,16,1,0.3263519000000201,0.0
integer-programming,2,35,16,2,0.2583945999999741,0.0
integer-programming,2,35,16,3,0.2800969000000464,0.0
integer-programming,2,35,16,4,0.0189780999999698,1.574976769092656e-06
integer-programming,2,35,16,5,0.4047161999999957,1.5495731700703042e-06
integer-programming,2,35,16,6,0.2988503999999921,0.0
integer-programming,2,35,16,7,1.263332300000002,1.4820699181304578e-06
integer-programming,2,35,16,8,0.4555939999999623,1.542781326174828e-06
integer-programming,2,35,16,9,0.2881388000000129,0.0
complete-greedy,2,15,16,0,0.3390970000000379,2.066226698128412e-05
complete-greedy,2,15,16,1,0.3238234000000375,2.048726921091234e-05
complete-greedy,2,15,16,2,0.332229400000017,4.854668867449886e-05
complete-greedy,2,15,16,3,0.3129304000000275,1.117437046390399e-05
complete-greedy,2,15,16,4,0.3294016000000397,7.541957098172465e-05
complete-greedy,2,15,16,5,0.3309904999999844,2.5655936783771764e-05
complete-greedy,2,15,16,6,0.3169596999999839,6.420071712201025e-06
complete-greedy,2,15,16,7,0.3263370999999893,1.83474119140754e-05
complete-greedy,2,15,16,8,0.3190435999999863,3.725209892294869e-05
complete-greedy,2,15,16,9,0.3262874000000124,3.845192548016842e-06
complete-greedy,2,15,32,0,0.3614542000000256,1.5914237695377423e-05
complete-greedy,2,15,32,1,0.318578299999956,1.524895597133996e-06
complete-greedy,2,15,32,2,0.323369600000035,6.270012822885842e-05
complete-greedy,2,15,32,3,0.3313427999999589,1.1969804118902512e-05
complete-greedy,2,15,32,4,0.3228340000000003,2.62707267418088e-05
complete-greedy,2,15,32,5,0.3439056999999934,2.458242656653068e-05
complete-greedy,2,15,32,6,0.3562473999999724,8.090539574261636e-06
complete-greedy,2,15,32,7,0.3281632000000059,1.6075943319366185e-06
complete-greedy,2,15,32,8,0.3148440999999593,0.0001068947256667
complete-greedy,2,15,32,9,0.3316748999999959,1.0170030196600136e-05
complete-greedy,2,15,48,0,0.313530500000013,1.5045388594462644e-05
complete-greedy,2,15,48,1,0.3214168999999742,0.0001174057045591
complete-greedy,2,15,48,2,0.3561824000000229,6.659162108658655e-06
complete-greedy,2,15,48,3,0.3458056000000056,4.351951392834252e-06
complete-greedy,2,15,48,4,0.3371012000000064,5.730945102368266e-05
complete-greedy,2,15,48,5,0.3163723000000118,2.5240946312335837e-05
complete-greedy,2,15,48,6,0.3120928999999819,0.0001266885812408
complete-greedy,2,15,48,7,0.349434599999995,6.514211322045089e-05
complete-greedy,2,15,48,8,0.3482273999999847,6.427955184785123e-05
complete-greedy,2,15,48,9,0.3194730000000163,2.922601987981597e-05
complete-greedy,2,25,16,0,326.67570199999994,2.290803797236374e-06
complete-karmarkar-karp,2,15,16,0,0.0579721999999947,0.0005303887707927
complete-karmarkar-karp,2,15,16,1,0.0787255000000186,0.000277594517328
complete-karmarkar-karp,2,15,16,2,0.0848833000000013,0.0001027702755476
complete-karmarkar-karp,2,15,16,3,0.0813754000000699,0.0029791000842537
complete-karmarkar-karp,2,15,16,4,0.0940593000000262,0.0004765506024221
complete-karmarkar-karp,2,15,16,5,0.1081221999999115,0.0011182090083536
complete-karmarkar-karp,2,15,16,6,0.0760566999999809,0.0101372763809153
complete-karmarkar-karp,2,15,16,7,0.1103630999999722,0.0032356948228882
complete-karmarkar-karp,2,15,16,8,0.0612436999999772,0.00207486243139
complete-karmarkar-karp,2,15,16,9,0.0536002000000053,0.0014311459768896
complete-karmarkar-karp,2,15,32,0,0.1096337999999832,0.000224023877489
complete-karmarkar-karp,2,15,32,1,0.132627399999933,0.0013744969478933
complete-karmarkar-karp,2,15,32,2,0.0409678000000894,0.0004305197872315
complete-karmarkar-karp,2,15,32,3,0.1092321999999512,0.0001691426696967
complete-karmarkar-karp,2,15,32,4,0.1269158000000061,0.0011342652805724
complete-karmarkar-karp,2,15,32,5,0.0751657000000705,0.0009227145316908
complete-karmarkar-karp,2,15,32,6,0.1108335999999781,0.0020405363416138
complete-karmarkar-karp,2,15,32,7,0.0756872999999132,0.0003435103567676
complete-karmarkar-karp,2,15,32,8,0.091485999999918,0.0001168671824169
complete-karmarkar-karp,2,15,32,9,0.100036799999998,0.0011045253350283
complete-karmarkar-karp,2,15,48,0,0.0835490000000618,0.000398619985934
complete-karmarkar-karp,2,15,48,1,0.1289193000000068,3.310065570115657e-05
complete-karmarkar-karp,2,15,48,2,0.017427600000019,5.94942825912243e-05
complete-karmarkar-karp,2,15,48,3,0.1030322999999953,0.0003921608972212
complete-karmarkar-karp,2,15,48,4,0.0560800999999173,0.0002480076510477
complete-karmarkar-karp,2,15,48,5,0.1348643999999694,0.0020147702859341
complete-karmarkar-karp,2,15,48,6,0.0472750000000132,0.0004179695405125
complete-karmarkar-karp,2,15,48,7,0.1193240000000059,0.0005967273716212
complete-karmarkar-karp,2,15,48,8,0.1034932999999682,0.0021754707235845
complete-karmarkar-karp,2,15,48,9,0.1041685000000143,0.0008482917624496
complete-karmarkar-karp,2,25,16,0,94.08230230000004,7.562256274782144e-06
complete-karmarkar-karp-sy,2,15,16,0,0.1614614000000074,0.0001906035895854
complete-karmarkar-karp-sy,2,15,16,1,0.147550600000045,1.1857238844314454e-05
complete-karmarkar-karp-sy,2,15,16,2,0.1479011000000127,4.543657735350112e-06
complete-karmarkar-karp-sy,2,15,16,3,0.1559389000000237,8.376331836762046e-06
complete-karmarkar-karp-sy,2,15,16,4,0.0690211999999519,0.0
complete-karmarkar-karp-sy,2,15,16,5,0.1602837000000363,2.437142044762176e-05
complete-karmarkar-karp-sy,2,15,16,6,0.1303132000000459,4.078236896624851e-05
complete-karmarkar-karp-sy,2,15,16,7,0.1192425000000412,1.4264826504047644e-05
complete-karmarkar-karp-sy,2,15,16,8,0.1556507000000238,6.762491166495914e-05
complete-karmarkar-karp-sy,2,15,16,9,0.1066424000000552,1.6081307088640165e-05
complete-karmarkar-karp-sy,2,15,32,0,0.1584308999999848,8.200940099725604e-06
complete-karmarkar-karp-sy,2,15,32,1,0.0905551000000741,4.953236640878601e-05
complete-karmarkar-karp-sy,2,15,32,2,0.1695780000000013,1.1185574824004236e-05
complete-karmarkar-karp-sy,2,15,32,3,0.1496233000000302,3.955343052814618e-05
complete-karmarkar-karp-sy,2,15,32,4,0.165991100000042,5.520528995055743e-06
complete-karmarkar-karp-sy,2,15,32,5,0.1615743000000975,0.0001009803111149
complete-karmarkar-karp-sy,2,15,32,6,0.1796911000000136,5.010454246572282e-05
complete-karmarkar-karp-sy,2,15,32,7,0.1605666000000383,2.245884620106802e-06
complete-karmarkar-karp-sy,2,15,32,8,0.1735386000000289,9.629895696545267e-05
complete-karmarkar-karp-sy,2,15,32,9,0.1780200999999124,1.254627738813989e-05
complete-karmarkar-karp-sy,2,15,48,0,0.1669203000000152,2.487597778854459e-05
complete-karmarkar-karp-sy,2,15,48,1,0.1252200999999786,5.438638014712596e-05
complete-karmarkar-karp-sy,2,15,48,2,0.1566553999999769,9.880996394478476e-06
complete-karmarkar-karp-sy,2,15,48,3,0.1959093000000393,7.076821951625421e-05
complete-karmarkar-karp-sy,2,15,48,4,0.1513680000000477,8.386308848590881e-06
complete-karmarkar-karp-sy,2,15,48,5,0.1732076000000688,3.2067830659468696e-05
complete-karmarkar-karp-sy,2,15,48,6,0.1318699999999353,6.215397656594124e-05
complete-karmarkar-karp-sy,2,15,48,7,0.1027590999999574,6.768332663711156e-05
complete-karmarkar-karp-sy,2,15,48,8,0.1837343999999348,8.330270552302268e-06
complete-karmarkar-karp-sy,2,15,48,9,0.2117408999999952,0.0003246139866881
complete-karmarkar-karp-sy,2,25,16,0,1.1449405999999271,0.0
complete-karmarkar-karp-sy,2,25,16,1,144.5484014000001,2.294109415254451e-06
complete-karmarkar-karp-sy,2,25,32,0,112.60787249999998,2.6604289342454723e-08
dynamic-programming,2,10,16,0,0.0013785999999997856,0.003690566720022122
dynamic-programming,2,10,16,1,0.001755299999999238,0.00010163929665606714
dynamic-programming,2,10,16,2,0.00240439999999964,0.0005722327904854699
dynamic-programming,2,10,16,3,0.002537400000000467,0.00028498336492451253
dynamic-programming,2,10,16,4,0.0018830999999996934,8.627821170643078e-05
dynamic-programming,2,10,16,5,0.0018098000000001946,0.002061748243420269
dynamic-programming,2,10,16,6,0.0014724999999993216,0.0023424878836833603
dynamic-programming,2,10,16,7,0.0020028999999999186,0.0007436854345827248
dynamic-programming,2,10,16,8,0.0037578000000006995,0.0012942635423830696
dynamic-programming,2,10,16,9,0.003014799999999873,0.004097338966908075
dynamic-programming,2,10,32,0,0.002056800000000081,0.0012925188206663355
dynamic-programming,2,10,32,1,0.0028404000000001872,0.0009026641813514691
dynamic-programming,2,10,32,2,0.0018187999999996762,0.00045499275712173936
dynamic-programming,2,10,32,3,0.0018104000000001008,0.0002946678574589397
dynamic-programming,2,10,32,4,0.001305399999999679,0.0026668001663339267
dynamic-programming,2,10,32,5,0.0014982999999997304,0.00040047940011224956
dynamic-programming,2,10,32,6,0.0014300000000000423,0.0008579924653527811
dynamic-programming,2,10,32,7,0.001493699999999265,0.0013057633767275506
dynamic-programming,2,10,32,8,0.0013868999999999687,0.004192668879403809
dynamic-programming,2,10,32,9,0.0013141000000000957,0.00021110298464836261
dynamic-programming,2,10,48,0,0.0013091999999996773,0.0022066516895651975
dynamic-programming,2,10,48,1,0.0013294999999997614,0.0026401080211772955
dynamic-programming,2,10,48,2,0.0013177000000004213,5.968625710923346e-05
dynamic-programming,2,10,48,3,0.0015479000000002685,0.00041398394839706356
dynamic-programming,2,10,48,4,0.0015201999999998606,0.0021249448733498843
dynamic-programming,2,10,48,5,0.0013646000000004932,0.0004316852863531652
dynamic-programming,2,10,48,6,0.0023683999999999372,0.0007299061277479245
dynamic-programming,2,10,48,7,0.0013018000000002417,0.0006488691294083176
dynamic-programming,2,10,48,8,0.0025525000000001796,0.00011403717637109852
dynamic-programming,2,10,48,9,0.0019212000000017326,5.279950018447329e-05
dynamic-programming,2,15,16,0,0.07594540000000016,1.2371287067468875e-05
dynamic-programming,2,15,16,1,0.07112670000000065,1.8358999214234835e-05
dynamic-programming,2,15,16,2,0.0672770000000007,7.699316044091416e-05
dynamic-programming,2,15,16,3,0.0696753999999995,1.705192652665898e-05
dynamic-programming,2,15,16,4,0.06314210000000031,3.824018661211067e-06
dynamic-programming,2,15,16,5,0.0801596,0.0
dynamic-programming,2,15,16,6,0.06811549999999933,4.6665007466401197e-05
dynamic-programming,2,15,16,7,0.08437250000000063,9.43098171804194e-05
dynamic-programming,2,15,16,8,0.07070609999999888,2.0924222926671062e-05
dynamic-programming,2,15,16,9,0.07467259999999953,0.0
dynamic-programming,2,15,32,0,0.08126569999999944,1.3124871961044066e-05
dynamic-programming,2,15,32,1,0.06964089999999956,1.4898582885187574e-05
dynamic-programming,2,15,32,2,0.0739598000000008,4.6341180836589595e-05
dynamic-programming,2,15,32,3,0.0747479000000002,1.0560896986510066e-05
dynamic-programming,2,15,32,4,0.07538869999999953,0.00017835195665004465
dynamic-programming,2,15,32,5,0.07646930000000118,6.418358223021836e-06
dynamic-programming,2,15,32,6,0.08866329999999856,4.805292942389471e-07
dynamic-programming,2,15,32,7,0.0764206000000005,0.00012686873189864762
dynamic-programming,2,15,32,8,0.07501260000000087,6.582913993409508e-05
dynamic-programming,2,15,32,9,0.0718361999999999,1.6000986648226667e-05
dynamic-programming,2,15,48,0,0.07691089999999967,4.1138517638134543e-05
dynamic-programming,2,15,48,1,0.08031129999999997,1.1802819138911003e-05
dynamic-programming,2,15,48,2,0.07105209999999929,2.9325299881079165e-05
dynamic-programming,2,15,48,3,0.06889020000000023,6.005069518621706e-05
dynamic-programming,2,15,48,4,0.07091289999999972,1.1030013231263618e-05
dynamic-programming,2,15,48,5,0.07342090000000034,6.926783888804655e-05
dynamic-programming,2,15,48,6,0.06694040000000001,7.181217125227836e-05
dynamic-programming,2,15,48,7,0.06907029999999992,0.00020491325420331392
dynamic-programming,2,15,48,8,0.08345970000000058,1.7703104323540273e-06
dynamic-programming,2,15,48,9,0.06431229999999921,5.95399428647894e-05
dynamic-programming,2,20,16,0,1.2778164000000007,2.8347322737104093e-06
dynamic-programming,2,20,16,1,1.0542517999999994,0.0
dynamic-programming,2,20,16,2,1.1516573,0.0
dynamic-programming,2,20,16,3,1.1336846999999999,0.0
dynamic-programming,2,20,16,4,1.1420140000000014,0.0
dynamic-programming,2,20,16,5,1.0279515000000004,6.3816820199299925e-06
dynamic-programming,2,20,16,6,1.011496000000001,0.0
dynamic-programming,2,20,16,7,0.9936396999999992,8.455801525426595e-06
dynamic-programming,2,20,16,8,1.0963043,2.803169824437474e-06
dynamic-programming,2,20,16,9,0.9893265999999983,0.0
dynamic-programming,2,20,32,0,2.0670766999999977,9.094412337835103e-07
dynamic-programming,2,20,32,1,1.9722680000000032,2.908404324700558e-07
dynamic-programming,2,20,32,2,2.0698086999999994,1.6198840718360906e-06
dynamic-programming,2,20,32,3,2.0350745000000003,2.2432820368860873e-06
dynamic-programming,2,20,32,4,1.9881749000000006,3.8122514433740206e-06
dynamic-programming,2,20,32,5,2.2653005999999962,3.5321050626381836e-08
dynamic-programming,2,20,32,6,2.1063396999999995,1.4523833167460422e-06
dynamic-programming,2,20,32,7,2.063634400000005,1.5995614333971054e-06
dynamic-programming,2,20,32,8,2.0671958000000004,1.5637883643450254e-06
dynamic-programming,2,20,32,9,1.9630893,1.01913453793339e-06
dynamic-programming,2,20,48,0,2.160881499999995,3.012660615069479e-07
dynamic-programming,2,20,48,1,2.046617300000001,4.099870594613138e-07
dynamic-programming,2,20,48,2,1.9946954000000048,9.64688983249407e-07
dynamic-programming,2,20,48,3,2.207637599999998,1.3164724883959497e-06
dynamic-programming,2,20,48,4,2.0102482999999935,2.1716469488016783e-06
dynamic-programming,2,20,48,5,1.959476500000001,1.5823007979850213e-06
dynamic-programming,2,20,48,6,2.1061777999999975,3.4839020207787484e-07
dynamic-programming,2,20,48,7,2.021815100000005,8.969571966205171e-07
dynamic-programming,2,20,48,8,2.723934899999996,1.843207361565995e-07
dynamic-programming,2,20,48,9,2.3473909000000006,1.502316076850521e-06
dynamic-programming,2,25,16,0,4.323482499999997,0.0
dynamic-programming,2,25,16,1,4.322176499999998,3.5018910211514218e-06
dynamic-programming,2,25,16,2,4.335493400000004,0.0
dynamic-programming,2,25,16,3,5.107492500000006,0.0
dynamic-programming,2,25,16,4,3.8849842999999993,2.8487431345290457e-06
dynamic-programming,2,25,16,5,4.5942577,2.5286879649624996e-06
dynamic-programming,2,25,16,6,3.897416800000002,3.0605467972908038e-06
dynamic-programming,2,25,16,7,4.597211400000006,2.526420037542602e-06
dynamic-programming,2,25,16,8,4.18707400000001,0.0
dynamic-programming,2,25,16,9,4.493445499999993,0.0
dynamic-programming,2,25,32,0,67.99952880000001,4.311427396483744e-08
dynamic-programming,2,30,16,0,10.710157899999984,0.0
dynamic-programming,2,30,16,1,8.78275149999999,0.0
dynamic-programming,2,30,16,2,10.001418999999999,0.0
dynamic-programming,2,30,16,3,8.548512999999986,2.172109248406758e-06
dynamic-programming,2,30,16,4,8.115464400000008,2.554558993708121e-06
dynamic-programming,2,30,16,5,9.22791140000001,0.0
dynamic-programming,2,30,16,6,8.274831999999975,2.075532789267005e-06
dynamic-programming,2,30,16,7,9.136336599999993,0.0
dynamic-programming,2,30,16,8,8.310180599999995,2.179641710495629e-06
dynamic-programming,2,30,16,9,7.963394800000003,2.2730992344201778e-06
dynamic-programming,2,35,16,0,15.696397999999988,0.0
dynamic-programming,2,35,16,1,17.543144600000005,1.4535665435495804e-06
dynamic-programming,2,35,16,2,17.940740100000028,0.0
dynamic-programming,2,35,16,3,14.404751900000008,0.0
dynamic-programming,2,35,16,4,14.010934299999974,1.940470253561248e-06
dynamic-programming,2,35,16,5,15.686576100000025,1.639548533915701e-06
dynamic-programming,2,35,16,6,16.933889600000043,0.0
dynamic-programming,2,35,16,7,12.314780299999995,0.0
dynamic-programming,2,35,16,8,15.999069499999962,0.0
dynamic-programming,2,35,16,9,14.348977999999988,0.0
dynamic-programming,2,40,16,0,21.500871899999993,0.0
dynamic-programming,2,40,16,1,21.67596180000004,0.0
dynamic-programming,2,40,16,2,23.890917,1.4262507149081709e-06
dynamic-programming,2,40,16,3,24.75393330000003,0.0
dynamic-programming,2,40,16,4,24.570431299999996,1.398098865163151e-06
