algorithm,numbins,numitems,bitsperitem,instance_id,diff,runtime
integer-programming,2,10,16,0,1431.0,0.3682902000000001
integer-programming,2,10,16,1,122.0,0.1010361999999998
integer-programming,2,10,16,2,621.0,0.09114999999999984
integer-programming,2,10,16,3,219.0,0.09779720000000003
integer-programming,2,10,16,4,851.0,0.10562039999999984
integer-programming,2,10,16,5,493.0,0.11445899999999964
integer-programming,2,10,16,6,376.0,0.08516920000000017
integer-programming,2,10,16,7,244.0,0.13206089999999993
integer-programming,2,10,16,8,85.0,0.08552729999999986
integer-programming,2,10,16,9,244.0,0.09777380000000013
integer-programming,2,10,24,0,136366.0,0.10711559999999976
integer-programming,2,10,24,1,54204.0,0.09253719999999976
integer-programming,2,10,24,2,10278.0,0.08666259999999948
integer-programming,2,10,24,3,50688.0,0.11219190000000001
integer-programming,2,10,24,4,28520.0,0.11572300000000002
integer-programming,2,10,24,5,37779.0,0.07816899999999993
integer-programming,2,10,24,6,103279.0,0.09878479999999978
integer-programming,2,10,24,7,47459.0,0.08969299999999958
integer-programming,2,10,24,8,44587.0,0.0826330000000004
integer-programming,2,10,24,9,24407.0,0.09688560000000024
integer-programming,2,10,32,0,12815803.0,0.13403200000000037
integer-programming,2,10,32,1,48622769.0,0.09457710000000041
integer-programming,2,10,32,2,14092332.0,0.08306049999999932
integer-programming,2,10,32,3,16043538.0,0.11557360000000028
integer-programming,2,10,32,4,2734667.0,0.12924359999999968
integer-programming,2,10,32,5,1321757.0,0.13141810000000032
integer-programming,2,10,32,6,638251.0,0.1026631999999994
integer-programming,2,10,32,7,13030232.0,0.1153341999999995
integer-programming,2,10,32,8,16439525.0,0.12118770000000012
integer-programming,2,10,32,9,14861496.0,0.10356539999999992
integer-programming,2,10,48,0,666245956739.0,0.07167789999999918
integer-programming,2,10,48,1,178429530179.0,0.060536100000000204
integer-programming,2,10,48,2,1520395533303.0,0.07939330000000044
integer-programming,2,10,48,3,313218347948.0,0.0804544000000007
integer-programming,2,10,48,4,1585512711795.0,0.10010139999999978
integer-programming,2,10,48,5,533724496354.0,0.05726790000000026
integer-programming,2,10,48,6,288011101298.0,0.1068017999999995
integer-programming,2,10,48,7,1275020427421.0,0.08788600000000013
integer-programming,2,10,48,8,1127058609575.0,0.03921829999999993
integer-programming,2,10,48,9,569942933541.0,0.08231520000000003
integer-programming,2,12,16,0,47.0,0.1148744000000006
integer-programming,2,12,16,1,25.0,0.1395274000000004
integer-programming,2,12,16,2,39.0,0.1632712999999999
integer-programming,2,12,16,3,160.0,0.19634840000000064
integer-programming,2,12,16,4,43.0,0.15524069999999934
integer-programming,2,12,16,5,6.0,0.15278599999999987
integer-programming,2,12,16,6,118.0,0.12961780000000012
integer-programming,2,12,16,7,85.0,0.1541920999999995
integer-programming,2,12,16,8,32.0,0.18740069999999953
integer-programming,2,12,16,9,189.0,0.15776649999999925
integer-programming,2,12,24,0,2078.0,0.15184570000000086
integer-programming,2,12,24,1,4741.0,0.12284030000000001
integer-programming,2,12,24,2,15994.0,0.13906329999999834
integer-programming,2,12,24,3,9463.0,0.19522469999999892
integer-programming,2,12,24,4,15242.0,0.1702174000000003
integer-programming,2,12,24,5,50706.0,0.16230119999999992
integer-programming,2,12,24,6,39688.0,0.17801749999999927
integer-programming,2,12,24,7,13456.0,0.15434199999999976
integer-programming,2,12,24,8,3243.0,0.17709569999999886
integer-programming,2,12,24,9,19550.0,0.15283089999999966
integer-programming,2,12,32,0,12606193.0,0.15533719999999995
integer-programming,2,12,32,1,2358828.0,0.17336690000000132
integer-programming,2,12,32,2,4155997.0,0.1329293000000007
integer-programming,2,12,32,3,3766901.0,0.2126248000000004
integer-programming,2,12,32,4,597745.0,0.16299560000000035
integer-programming,2,12,32,5,4521631.0,0.18596409999999963
integer-programming,2,12,32,6,6734116.0,0.1774578000000009
integer-programming,2,12,32,7,1490831.0,0.16680760000000028
integer-programming,2,12,32,8,1868424.0,0.20568789999999915
integer-programming,2,12,32,9,1182731.0,0.17507970000000128
integer-programming,2,12,48,0,326516437678.0,0.10395210000000077
integer-programming,2,12,48,1,11859611695.0,0.09988259999999904
integer-programming,2,12,48,2,611011764752.0,0.04435530000000121
integer-programming,2,12,48,3,52284664065.0,0.10508439999999908
integer-programming,2,12,48,4,464528401144.0,0.07744590000000073
integer-programming,2,12,48,5,39660986757.0,0.17576219999999942
integer-programming,2,12,48,6,119109520286.0,0.14012059999999948
integer-programming,2,12,48,7,114630149623.0,0.0949782999999993
integer-programming,2,12,48,8,214104272487.0,0.1811428000000017
integer-programming,2,12,48,9,441172209296.0,0.07660809999999962
integer-programming,2,14,16,0,16.0,0.23402980000000007
integer-programming,2,14,16,1,19.0,0.2828035999999994
integer-programming,2,14,16,2,48.0,0.3591121000000008
integer-programming,2,14,16,3,10.0,0.3538274999999995
integer-programming,2,14,16,4,6.0,0.30433670000000035
integer-programming,2,14,16,5,11.0,0.22818140000000042
integer-programming,2,14,16,6,6.0,0.3470865000000014
integer-programming,2,14,16,7,17.0,0.3083196000000008
integer-programming,2,14,16,8,1.0,0.2776600999999985
integer-programming,2,14,16,9,92.0,0.33301230000000004
integer-programming,2,14,24,0,3615.0,0.3903022000000007
integer-programming,2,14,24,1,6856.0,0.3931438999999983
integer-programming,2,14,24,2,4584.0,0.35264019999999974
integer-programming,2,14,24,3,2113.0,0.3272397999999974
integer-programming,2,14,24,4,6146.0,0.3136563999999993
integer-programming,2,14,24,5,172.0,0.3669867999999994
integer-programming,2,14,24,6,198.0,0.33729499999999746
integer-programming,2,14,24,7,10517.0,0.26529800000000137
integer-programming,2,14,24,8,4527.0,0.29871610000000004
integer-programming,2,14,24,9,13641.0,0.2478252000000012
integer-programming,2,14,32,0,192679.0,0.44389460000000014
integer-programming,2,14,32,1,321662.0,0.41282839999999865
integer-programming,2,14,32,2,259406.0,0.3963735000000028
integer-programming,2,14,32,3,1325275.0,0.39128789999999825
integer-programming,2,14,32,4,433076.0,0.27025620000000217
integer-programming,2,14,32,5,5985513.0,0.38974319999999807
integer-programming,2,14,32,6,1960690.0,0.2760081999999997
integer-programming,2,14,32,7,483150.0,0.40201259999999905
integer-programming,2,14,32,8,1069119.0,0.4496152000000002
integer-programming,2,14,32,9,1151258.0,0.4286976000000031
integer-programming,2,14,48,0,87419910912.0,0.26131610000000194
integer-programming,2,14,48,1,9993882930.0,0.19078050000000246
integer-programming,2,14,48,2,72211218998.0,0.312275200000002
integer-programming,2,14,48,3,16148373394.0,0.3723647999999997
integer-programming,2,14,48,4,134589286351.0,0.3211586000000004
integer-programming,2,14,48,5,93978232121.0,0.38009110000000135
integer-programming,2,14,48,6,105643819537.0,0.3283354000000003
integer-programming,2,14,48,7,18412839406.0,0.4337046000000022
integer-programming,2,14,48,8,15251404831.0,0.20984530000000134
integer-programming,2,14,48,9,73086133166.0,0.37108130000000017
integer-programming,2,16,16,0,2.0,0.518325100000002
integer-programming,2,16,16,1,3.0,0.6090358000000009
integer-programming,2,16,16,2,19.0,0.40728539999999924
integer-programming,2,16,16,3,4.0,0.523989499999999
integer-programming,2,16,16,4,3.0,0.5422905
integer-programming,2,16,16,5,12.0,0.5087007999999997
integer-programming,2,16,16,6,0.0,0.19280469999999994
integer-programming,2,16,16,7,40.0,0.5673119
integer-programming,2,16,16,8,5.0,0.6386729999999972
integer-programming,2,16,16,9,6.0,0.529602900000004
integer-programming,2,16,24,0,383.0,0.5319925999999953
integer-programming,2,16,24,1,833.0,0.5537148000000016
integer-programming,2,16,24,2,1219.0,0.5692794999999933
integer-programming,2,16,24,3,692.0,0.5526196999999939
integer-programming,2,16,24,4,912.0,0.574110300000001
integer-programming,2,16,24,5,205.0,0.5480086999999969
integer-programming,2,16,24,6,1009.0,0.5465343999999988
integer-programming,2,16,24,7,2987.0,0.43352000000000146
integer-programming,2,16,24,8,105.0,0.5640769000000034
integer-programming,2,16,24,9,1632.0,0.5927515999999997
integer-programming,2,16,32,0,235687.0,0.6140773999999993
integer-programming,2,16,32,1,1292075.0,0.5747314999999986
integer-programming,2,16,32,2,1091132.0,0.5477342999999948
integer-programming,2,16,32,3,365616.0,0.605515000000004
integer-programming,2,16,32,4,277535.0,1.2449426999999957
integer-programming,2,16,32,5,397496.0,0.5003756000000052
integer-programming,2,16,32,6,506633.0,0.5623599999999982
integer-programming,2,16,32,7,35459.0,0.4095743000000027
integer-programming,2,16,32,8,66063.0,0.5823734000000016
integer-programming,2,16,32,9,1284581.0,0.6537672999999984
integer-programming,2,16,48,0,14254808823.0,0.8366459000000006
integer-programming,2,16,48,1,53474225163.0,0.6576339000000004
integer-programming,2,16,48,2,3206576303.0,0.4549030999999957
integer-programming,2,16,48,3,93346238129.0,0.7057585999999958
integer-programming,2,16,48,4,9898732184.0,0.6063839999999985
integer-programming,2,16,48,5,17673401487.0,0.42679719999999577
integer-programming,2,16,48,6,1318800602.0,0.9178695000000019
integer-programming,2,16,48,7,144536544914.0,0.1231938000000028
integer-programming,2,16,48,8,13188294748.0,0.863576799999997
integer-programming,2,16,48,9,2448053448.0,0.8428228000000004
integer-programming,2,18,16,0,7.0,0.7462511999999961
integer-programming,2,18,16,1,2.0,0.8020230999999995
integer-programming,2,18,16,2,1.0,0.38300650000000047
integer-programming,2,18,16,3,7.0,0.8774023
integer-programming,2,18,16,4,3.0,0.8214777000000026
integer-programming,2,18,16,5,7.0,0.8702305999999993
integer-programming,2,18,16,6,0.0,0.2917632999999995
integer-programming,2,18,16,7,0.0,0.4610061999999999
integer-programming,2,18,16,8,3.0,1.0742651999999993
integer-programming,2,18,16,9,1.0,0.8206666000000027
integer-programming,2,18,24,0,2639.0,1.1191292999999973
integer-programming,2,18,24,1,135.0,0.8947982000000039
integer-programming,2,18,24,2,336.0,0.7524686000000003
integer-programming,2,18,24,3,7.0,1.6260218000000037
integer-programming,2,18,24,4,76.0,0.7384222000000022
integer-programming,2,18,24,5,298.0,1.0094721000000035
integer-programming,2,18,24,6,810.0,0.8525059999999911
integer-programming,2,18,24,7,337.0,0.7578309999999959
integer-programming,2,18,24,8,459.0,0.9790277999999972
integer-programming,2,18,24,9,130.0,0.8376722999999942
integer-programming,2,18,32,0,211645.0,0.7532803000000001
integer-programming,2,18,32,1,98596.0,0.9382255999999956
integer-programming,2,18,32,2,104336.0,0.8003949000000006
integer-programming,2,18,32,3,214623.0,1.1244567999999902
integer-programming,2,18,32,4,81540.0,0.9394683000000015
integer-programming,2,18,32,5,267699.0,0.9581471999999991
integer-programming,2,18,32,6,77580.0,0.8455991999999952
integer-programming,2,18,32,7,23333.0,0.6748519000000073
integer-programming,2,18,32,8,61509.0,2.971292599999998
integer-programming,2,18,32,9,2791.0,0.9197542999999939
integer-programming,2,18,48,0,5920645484.0,2.3520315000000096
integer-programming,2,18,48,1,3461773261.0,0.8444288999999969
integer-programming,2,18,48,2,7286662128.0,0.9333345000000008
integer-programming,2,18,48,3,2717003021.0,0.757368900000003
integer-programming,2,18,48,4,15205235187.0,1.7619901000000056
integer-programming,2,18,48,5,10499542084.0,1.6598120000000023
integer-programming,2,18,48,6,22218041710.0,0.7876638000000042
integer-programming,2,18,48,7,223593750.0,0.8864964999999927
integer-programming,2,18,48,8,2307571197.0,2.638281599999999
integer-programming,2,18,48,9,17454959555.0,2.4906632
integer-programming,2,20,16,0,0.0,0.5823582000000016
integer-programming,2,20,16,1,1.0,0.20723379999999736
integer-programming,2,20,16,2,1.0,0.045155100000002335
integer-programming,2,20,16,3,1.0,0.452156599999995
integer-programming,2,20,16,4,0.0,0.15129670000000317
integer-programming,2,20,16,5,2.0,1.003198900000001
integer-programming,2,20,16,6,0.0,0.5540051999999918
integer-programming,2,20,16,7,1.0,0.3113728000000009
integer-programming,2,20,16,8,1.0,0.7472440000000091
integer-programming,2,20,16,9,1.0,0.6470275000000072
integer-programming,2,20,24,0,71.0,1.6992280999999991
integer-programming,2,20,24,1,14.0,5.302718999999996
integer-programming,2,20,24,2,60.0,1.1340483999999975
integer-programming,2,20,24,3,64.0,1.7421156000000053
integer-programming,2,20,24,4,24.0,1.8319086999999996
integer-programming,2,20,24,5,229.0,2.130439899999999
integer-programming,2,20,24,6,13.0,7.040780600000005
integer-programming,2,20,24,7,157.0,1.915286199999997
integer-programming,2,20,24,8,140.0,1.9480642000000046
integer-programming,2,20,24,9,128.0,1.6843610999999896
integer-programming,2,20,32,0,18918.0,1.4629527000000024
integer-programming,2,20,32,1,4184.0,3.115419700000004
integer-programming,2,20,32,2,31426.0,1.832261200000005
integer-programming,2,20,32,3,44605.0,1.6405374999999935
integer-programming,2,20,32,4,23102.0,1.8762662999999975
integer-programming,2,20,32,5,2071.0,4.010677900000019
integer-programming,2,20,32,6,22521.0,1.647469199999989
integer-programming,2,20,32,7,12841.0,1.5734181999999919
integer-programming,2,20,32,8,34059.0,1.3304822000000058
integer-programming,2,20,32,9,23318.0,1.5482988999999918
integer-programming,2,20,48,0,605425113.0,5.416575800000004
integer-programming,2,20,48,1,442099347.0,1.7345919999999921
integer-programming,2,20,48,2,5772521761.0,1.185761900000017
integer-programming,2,20,48,3,267923769.0,1.586600500000003
integer-programming,2,20,48,4,1201851976.0,1.2887854999999888
integer-programming,2,20,48,5,702460309.0,1.083163600000006
integer-programming,2,20,48,6,3312925022.0,1.5063865000000192
integer-programming,2,20,48,7,1360073849.0,1.168323799999996
integer-programming,2,20,48,8,73853751.0,2.200876099999988
integer-programming,2,20,48,9,488171639.0,1.1836687999999924
integer-programming,2,22,16,0,0.0,0.5808541000000105
integer-programming,2,22,16,1,0.0,0.5672936999999934
integer-programming,2,22,16,2,1.0,0.20823120000000017
integer-programming,2,22,16,3,0.0,0.6097554999999772
integer-programming,2,22,16,4,0.0,0.8441282999999942
integer-programming,2,22,16,5,1.0,0.5762584999999945
integer-programming,2,22,16,6,1.0,0.28486230000001456
integer-programming,2,22,16,7,1.0,0.8275352999999939
integer-programming,2,22,16,8,0.0,0.4211249999999893
integer-programming,2,22,16,9,1.0,0.3582892999999956
integer-programming,2,22,24,0,22.0,20.782813599999997
integer-programming,2,22,24,1,41.0,8.098561700000005
integer-programming,2,22,24,2,8.0,19.469294599999984
integer-programming,2,22,24,3,29.0,1.5040923999999904
integer-programming,2,22,24,4,41.0,3.7334509000000082
integer-programming,2,22,24,5,40.0,4.010252000000008
integer-programming,2,22,24,6,23.0,2.1005271999999877
integer-programming,2,22,24,7,19.0,3.8368508000000077
integer-programming,2,22,24,8,67.0,4.576759999999979
integer-programming,2,22,24,9,12.0,13.464295300000003
integer-programming,2,22,32,0,568.0,18.99864739999998
integer-programming,2,22,32,1,5230.0,9.993448699999988
integer-programming,2,22,32,2,21350.0,2.8998761000000286
integer-programming,2,22,32,3,5838.0,9.408925599999975
integer-programming,2,22,32,4,16286.0,3.588159800000028
integer-programming,2,22,32,5,2565.0,31.710097400000052
integer-programming,2,22,48,0,741907281.0,39.04251350000004
integer-programming,2,24,16,0,0.0,0.25053499999995665
integer-programming,2,24,16,1,0.0,0.8518921000000432
integer-programming,2,24,16,2,0.0,0.5787295000000086
integer-programming,2,24,16,3,0.0,0.2553105000000073
integer-programming,2,24,16,4,1.0,0.2932425000000194
integer-programming,2,24,16,5,1.0,0.4427419000000441
integer-programming,2,24,16,6,1.0,0.3014039999999909
integer-programming,2,24,16,7,0.0,0.18449979999996913
integer-programming,2,24,16,8,1.0,0.3635428000000047
integer-programming,2,24,16,9,0.0,0.20798999999999523
integer-programming,2,24,24,0,17.0,49.54219770000003
integer-programming,2,26,16,0,1.0,0.2577608000000282
integer-programming,2,26,16,1,1.0,0.2668942999999899
integer-programming,2,26,16,2,1.0,0.05190120000003162
integer-programming,2,26,16,3,1.0,0.1299628999999527
integer-programming,2,26,16,4,0.0,0.18354249999998729
integer-programming,2,26,16,5,0.0,0.20492909999995845
integer-programming,2,26,16,6,1.0,0.1531436999999869
integer-programming,2,26,16,7,1.0,0.2268547999999555
integer-programming,2,26,16,8,1.0,0.5500567000000274
integer-programming,2,26,16,9,1.0,1.1452165000000036
integer-programming,2,28,16,0,0.0,0.2647252000000435
integer-programming,2,28,16,1,1.0,0.029687000000024
integer-programming,2,28,16,2,0.0,0.5781165000000215
integer-programming,2,28,16,3,1.0,0.2241746000000262
integer-programming,2,28,16,4,0.0,0.20401760000004288
integer-programming,2,28,16,5,0.0,0.38151790000000574
integer-programming,2,28,16,6,1.0,0.13063260000001264
integer-programming,2,28,16,7,1.0,0.2860099000000105
integer-programming,2,28,16,8,1.0,0.24813740000001872
integer-programming,2,28,16,9,1.0,0.013684999999952652
integer-programming,2,30,16,0,1.0,0.017483599999991384
integer-programming,2,30,16,1,1.0,0.23407519999994975
integer-programming,2,30,16,2,1.0,0.031631800000013754
integer-programming,2,30,16,3,0.0,0.34965019999998503
integer-programming,2,30,16,4,1.0,1.0382718000000182
integer-programming,2,30,16,5,0.0,0.02079079999998612
integer-programming,2,30,16,6,1.0,0.2146801000000096
integer-programming,2,30,16,7,1.0,0.5874842000000058
integer-programming,2,30,16,8,0.0,0.16479520000001457
integer-programming,2,30,16,9,0.0,0.05311979999999039
integer-programming,2,32,16,0,0.0,0.029874000000006617
integer-programming,2,32,16,1,0.0,0.2782520999999747
integer-programming,2,32,16,2,0.0,0.9390465000000177
integer-programming,2,32,16,3,0.0,0.29752000000002
integer-programming,2,32,16,4,0.0,0.3038725000000113
integer-programming,2,32,16,5,1.0,0.28649510000002465
integer-programming,2,32,16,6,1.0,0.312270500000011
integer-programming,2,32,16,7,0.0,0.8734011999999893
integer-programming,2,32,16,8,0.0,0.22664670000000342
integer-programming,2,32,16,9,0.0,0.5125656999999819
integer-programming,2,34,16,0,1.0,0.23016160000003083
integer-programming,2,34,16,1,0.0,0.21005559999997558
integer-programming,2,34,16,2,0.0,0.277256599999987
integer-programming,2,34,16,3,1.0,0.24730990000000475
integer-programming,2,34,16,4,0.0,0.20920320000004722
integer-programming,2,34,16,5,1.0,0.5385461000000191
integer-programming,2,34,16,6,0.0,0.20784650000001648
integer-programming,2,34,16,7,1.0,0.13023459999999432
integer-programming,2,34,16,8,1.0,0.24759560000001102
integer-programming,2,34,16,9,1.0,0.25827700000002096
integer-programming,2,36,16,0,0.0,0.045637399999975514
integer-programming,2,36,16,1,0.0,0.35758249999997815
integer-programming,2,36,16,2,0.0,0.23693179999997938
integer-programming,2,36,16,3,0.0,0.484882099999993
integer-programming,2,36,16,4,0.0,0.1854175000000282
integer-programming,2,36,16,5,1.0,0.01997590000001992
integer-programming,2,36,16,6,1.0,0.17747350000001916
integer-programming,2,36,16,7,1.0,0.415004999999951
integer-programming,2,36,16,8,0.0,0.15308690000000524
integer-programming,2,36,16,9,0.0,0.35152269999997543
integer-programming,2,38,16,0,0.0,0.34101839999999584
integer-programming,2,38,16,1,0.0,0.5166504999999688
integer-programming,2,38,16,2,0.0,0.18860539999997172
integer-programming,2,38,16,3,0.0,0.1656474999999773
integer-programming,2,38,16,4,0.0,0.13550720000000638
integer-programming,2,38,16,5,1.0,0.09869069999996327
integer-programming,2,38,16,6,1.0,0.21138220000000274
integer-programming,2,38,16,7,0.0,0.33730359999998427
integer-programming,2,38,16,8,1.0,0.2023768999999902
integer-programming,2,38,16,9,0.0,0.3533651999999847
integer-programming,2,40,16,0,1.0,0.02000500000002603
integer-programming,2,40,16,1,0.0,0.2334830000000352
integer-programming,2,40,16,2,1.0,0.20174240000000054
integer-programming,2,40,16,3,0.0,0.2029087999999888
integer-programming,2,40,16,4,0.0,0.6214357000000064
integer-programming,2,40,16,5,0.0,0.3617290000000253
integer-programming,2,40,16,6,0.0,0.29594000000003007
integer-programming,2,40,16,7,0.0,0.23579349999999977
integer-programming,2,40,16,8,0.0,0.28303779999998824
integer-programming,2,40,16,9,0.0,0.49933180000004995
integer-programming,2,45,16,0,0.0,0.29799260000004324
integer-programming,2,45,16,1,0.0,0.3448953999999844
integer-programming,2,45,16,2,0.0,0.2749729999999886
integer-programming,2,45,16,3,1.0,0.38647320000001173
integer-programming,2,45,16,4,0.0,0.34281559999999445
integer-programming,2,45,16,5,0.0,0.25793189999996
integer-programming,2,45,16,6,0.0,0.1140583000000106
integer-programming,2,45,16,7,0.0,0.2088158999999905
integer-programming,2,45,16,8,1.0,0.29676870000002964
integer-programming,2,45,16,9,1.0,0.34348820000002434
integer-programming,2,50,16,0,1.0,0.5054084000000216
integer-programming,2,50,16,1,0.0,0.158175999999969
integer-programming,2,50,16,2,1.0,0.9564313000000197
integer-programming,2,50,16,3,1.0,0.4269823999999858
integer-programming,2,50,16,4,1.0,0.021655100000032235
integer-programming,2,50,16,5,1.0,0.36915340000001606
integer-programming,2,50,16,6,0.0,0.23599639999997635
integer-programming,2,50,16,7,1.0,0.23525340000003325
integer-programming,2,50,16,8,0.0,1.6678997999999865
integer-programming,2,50,16,9,1.0,0.02012880000000905
integer-programming,2,60,16,0,1.0,0.12540009999997892
integer-programming,2,60,16,1,0.0,0.017874300000016774
integer-programming,2,60,16,2,0.0,0.32948010000001204
integer-programming,2,60,16,3,0.0,0.232668799999999
integer-programming,2,60,16,4,0.0,0.3846490999999901
integer-programming,2,60,16,5,0.0,0.295866100000012
integer-programming,2,60,16,6,0.0,0.4246913000000063
integer-programming,2,60,16,7,0.0,0.2946375999999873
integer-programming,2,60,16,8,1.0,0.21946429999997008
integer-programming,2,60,16,9,1.0,0.23090570000005073
integer-programming,2,70,16,0,0.0,0.25380030000002307
integer-programming,2,70,16,1,0.0,0.5524882000000275
integer-programming,2,70,16,2,1.0,0.4502138999999943
integer-programming,2,70,16,3,0.0,0.8783154999999851
integer-programming,2,70,16,4,0.0,0.08695679999999584
integer-programming,2,70,16,5,1.0,0.2615220000000136
integer-programming,2,70,16,6,1.0,0.40895540000002484
integer-programming,2,70,16,7,1.0,0.14129249999996318
integer-programming,2,70,16,8,0.0,0.3518028999999956
integer-programming,2,70,16,9,0.0,0.3698676000000205
integer-programming,2,80,16,0,1.0,0.3133154000000218
integer-programming,2,80,16,1,1.0,0.545728199999985
integer-programming,2,80,16,2,0.0,0.1789185999999745
integer-programming,2,80,16,3,1.0,0.2120623000000137
integer-programming,2,80,16,4,1.0,0.3065170000000421
integer-programming,2,80,16,5,0.0,1.5526794999999538
integer-programming,2,80,16,6,0.0,0.551045600000009
integer-programming,2,80,16,7,1.0,1.0508908000000474
integer-programming,2,80,16,8,1.0,0.023701000000016847
integer-programming,2,80,16,9,0.0,0.16177729999998292
integer-programming,2,90,16,0,1.0,0.044119099999988975
integer-programming,2,90,16,1,1.0,0.1714259000000311
integer-programming,2,90,16,2,1.0,0.633452200000022
integer-programming,2,90,16,3,0.0,0.2725480000000289
integer-programming,2,90,16,4,1.0,0.2347967999999696
integer-programming,2,90,16,5,0.0,0.031640500000037264
integer-programming,2,90,16,6,1.0,0.27146270000002914
integer-programming,2,90,16,7,0.0,0.03411749999997937
integer-programming,2,90,16,8,0.0,0.4834837999999877
integer-programming,2,90,16,9,1.0,0.2797231999999781
integer-programming,2,100,16,0,0.0,0.22961750000001757
integer-programming,2,100,16,1,0.0,0.46098200000000134
integer-programming,2,100,16,2,0.0,0.27147959999996374
integer-programming,2,100,16,3,1.0,2.54333969999999
integer-programming,2,100,16,4,0.0,0.1637034999999969
integer-programming,2,100,16,5,0.0,0.497944700000005
integer-programming,2,100,16,6,1.0,0.2788906000000111
integer-programming,2,100,16,7,1.0,0.2170675000000415
integer-programming,2,100,16,8,1.0,0.24709089999998923
integer-programming,2,100,16,9,0.0,0.027206900000010137
complete-greedy,2,10,16,0,489.0,0.0019075999999813575
complete-greedy,2,10,16,1,27.0,0.0019944999999665924
complete-greedy,2,10,16,2,353.0,0.001697399999954996
complete-greedy,2,10,16,3,24.0,0.002227999999945496
complete-greedy,2,10,16,4,394.0,0.003880800000047202
complete-greedy,2,10,16,5,144.0,0.005861100000004171
complete-greedy,2,10,16,6,115.0,0.002022399999987101
complete-greedy,2,10,16,7,7.0,0.003934700000002067
complete-greedy,2,10,16,8,35.0,0.0017889000000081978
complete-greedy,2,10,16,9,255.0,0.0033583000000021457
complete-greedy,2,10,24,0,27868.0,0.0009962999999970634
complete-greedy,2,10,24,1,26281.0,0.002263200000015786
complete-greedy,2,10,24,2,69061.0,0.0017526999999972759
complete-greedy,2,10,24,3,67520.0,0.004007300000012037
complete-greedy,2,10,24,4,93525.0,0.0030821999999943728
complete-greedy,2,10,24,5,2758.0,0.00316970000000083
complete-greedy,2,10,24,6,155447.0,0.002607500000010532
complete-greedy,2,10,24,7,26146.0,0.004236199999979817
complete-greedy,2,10,24,8,71688.0,0.002569800000003397
complete-greedy,2,10,24,9,59441.0,0.0033017000000086227
complete-greedy,2,10,32,0,8366606.0,0.004514800000038122
complete-greedy,2,10,32,1,45299347.0,0.0021225999999501255
complete-greedy,2,10,32,2,4116957.0,0.0024410999999986416
complete-greedy,2,10,32,3,22342359.0,0.002022399999987101
complete-greedy,2,10,32,4,18408611.0,0.002744999999947595
complete-greedy,2,10,32,5,19732410.0,0.0013271999999915352
complete-greedy,2,10,32,6,11479916.0,0.0026460000000270156
complete-greedy,2,10,32,7,34170830.0,0.004173100000002705
complete-greedy,2,10,32,8,53148406.0,0.0019582999999556705
complete-greedy,2,10,32,9,3586188.0,0.00265919999998232
complete-greedy,2,10,48,0,3151099296570.0,0.0021038000000430657
complete-greedy,2,10,48,1,1467802648058.0,0.003198999999995067
complete-greedy,2,10,48,2,318599546983.0,0.0033834999999839965
complete-greedy,2,10,48,3,230362152752.0,0.0024625000000355612
complete-greedy,2,10,48,4,9121115604137.0,0.0038084999999909996
complete-greedy,2,10,48,5,406055865568.0,0.0020148000000403954
complete-greedy,2,10,48,6,331588434450.0,0.002908999999988282
complete-greedy,2,10,48,7,816575946134.0,0.0022857000000158223
complete-greedy,2,10,48,8,3509764153586.0,0.0022551999999791406
complete-greedy,2,10,48,9,1013579763689.0,0.002157300000021678
complete-greedy,2,12,16,0,1.0,0.005866000000025906
complete-greedy,2,12,16,1,69.0,0.005873699999995097
complete-greedy,2,12,16,2,135.0,0.01143930000000637
complete-greedy,2,12,16,3,27.0,0.0067748999999821535
complete-greedy,2,12,16,4,148.0,0.006934400000034202
complete-greedy,2,12,16,5,100.0,0.005348599999990711
complete-greedy,2,12,16,6,453.0,0.003689699999995355
complete-greedy,2,12,16,7,236.0,0.006149600000014743
complete-greedy,2,12,16,8,73.0,0.0053245999999944615
complete-greedy,2,12,16,9,46.0,0.010281200000008539
complete-greedy,2,12,24,0,8518.0,0.011443600000006882
complete-greedy,2,12,24,1,26400.0,0.0060540999999716405
complete-greedy,2,12,24,2,44551.0,0.006372300000009545
complete-greedy,2,12,24,3,104071.0,0.003521799999987252
complete-greedy,2,12,24,4,374.0,0.005857499999990523
complete-greedy,2,12,24,5,9486.0,0.007767799999953695
complete-greedy,2,12,24,6,46014.0,0.005019399999980578
complete-greedy,2,12,24,7,11276.0,0.009930799999949613
complete-greedy,2,12,24,8,20367.0,0.003198099999963233
complete-greedy,2,12,24,9,55872.0,0.008206100000052174
complete-greedy,2,12,32,0,7866743.0,0.0074806999999736945
complete-greedy,2,12,32,1,5040231.0,0.00496770000000879
complete-greedy,2,12,32,2,4167772.0,0.005524999999977354
complete-greedy,2,12,32,3,1373798.0,0.00884880000000976
complete-greedy,2,12,32,4,9477857.0,0.011704800000018167
complete-greedy,2,12,32,5,2259534.0,0.006087099999945167
complete-greedy,2,12,32,6,1556363.0,0.006866399999978512
complete-greedy,2,12,32,7,5452562.0,0.005832900000029895
complete-greedy,2,12,32,8,1239852.0,0.006479699999999866
complete-greedy,2,12,32,9,2231688.0,0.00955850000002556
complete-greedy,2,12,48,0,47053888222.0,0.007026899999971192
complete-greedy,2,12,48,1,73216718174.0,0.005703500000038275
complete-greedy,2,12,48,2,163731212752.0,0.008650099999954364
complete-greedy,2,12,48,3,983336949139.0,0.005308300000024246
complete-greedy,2,12,48,4,486013922650.0,0.007561199999997825
complete-greedy,2,12,48,5,637788921722.0,0.008794399999999314
complete-greedy,2,12,48,6,140681079418.0,0.011752000000001317
complete-greedy,2,12,48,7,184911800799.0,0.0054745999999568085
complete-greedy,2,12,48,8,204059373666.0,0.0071376000000213935
complete-greedy,2,12,48,9,511648219193.0,0.007766099999969356
complete-greedy,2,14,16,0,49.0,0.022161600000004
complete-greedy,2,14,16,1,23.0,0.0499901999999679
complete-greedy,2,14,16,2,13.0,0.021821799999997893
complete-greedy,2,14,16,3,8.0,0.017541300000004867
complete-greedy,2,14,16,4,21.0,0.007801599999993414
complete-greedy,2,14,16,5,11.0,0.012732900000003156
complete-greedy,2,14,16,6,27.0,0.02622830000001386
complete-greedy,2,14,16,7,29.0,0.008971999999971558
complete-greedy,2,14,16,8,22.0,0.010877800000002935
complete-greedy,2,14,16,9,33.0,0.02720809999999574
complete-greedy,2,14,24,0,9552.0,0.030446299999994153
complete-greedy,2,14,24,1,4286.0,0.042757800000003954
complete-greedy,2,14,24,2,11246.0,0.01692510000003722
complete-greedy,2,14,24,3,2431.0,0.019243100000039703
complete-greedy,2,14,24,4,1674.0,0.017488700000001245
complete-greedy,2,14,24,5,6808.0,0.022524700000019493
complete-greedy,2,14,24,6,3051.0,0.01871780000004719
complete-greedy,2,14,24,7,1214.0,0.0095833999999968
complete-greedy,2,14,24,8,8650.0,0.015135499999985313
complete-greedy,2,14,24,9,1157.0,0.029417300000034174
complete-greedy,2,14,32,0,2475631.0,0.04187369999999646
complete-greedy,2,14,32,1,175111.0,0.022695900000030633
complete-greedy,2,14,32,2,3852897.0,0.015723700000023655
complete-greedy,2,14,32,3,4569727.0,0.01793159999999716
complete-greedy,2,14,32,4,219036.0,0.03430299999996578
complete-greedy,2,14,32,5,3630251.0,0.03313190000000077
complete-greedy,2,14,32,6,1200354.0,0.033233299999949395
complete-greedy,2,14,32,7,115998.0,0.023710499999992862
complete-greedy,2,14,32,8,1166386.0,0.013586300000042684
complete-greedy,2,14,32,9,409889.0,0.02081029999999373
complete-greedy,2,14,48,0,2624491668.0,0.021912700000029872
complete-greedy,2,14,48,1,224261873038.0,0.020962499999995998
complete-greedy,2,14,48,2,129445286525.0,0.027986999999995987
complete-greedy,2,14,48,3,24375554341.0,0.016599299999995765
complete-greedy,2,14,48,4,16872326473.0,0.022007799999983035
complete-greedy,2,14,48,5,28548203081.0,0.043629100000032395
complete-greedy,2,14,48,6,95524141849.0,0.02624500000001717
complete-greedy,2,14,48,7,193827527423.0,0.017167500000027758
complete-greedy,2,14,48,8,3480201585.0,0.02154230000002144
complete-greedy,2,14,48,9,46348301302.0,0.014583000000016
complete-greedy,2,16,16,0,3.0,0.05220579999996744
complete-greedy,2,16,16,1,4.0,0.038612800000009884
complete-greedy,2,16,16,2,5.0,0.033162800000013704
complete-greedy,2,16,16,3,2.0,0.0402356000000168
complete-greedy,2,16,16,4,3.0,0.16344939999999042
complete-greedy,2,16,16,5,5.0,0.086320599999965
complete-greedy,2,16,16,6,5.0,0.09848240000002306
complete-greedy,2,16,16,7,0.0,0.022001299999999446
complete-greedy,2,16,16,8,1.0,0.002916700000014316
complete-greedy,2,16,16,9,4.0,0.052064099999995506
complete-greedy,2,16,24,0,371.0,0.03183050000001231
complete-greedy,2,16,24,1,995.0,0.06909309999997504
complete-greedy,2,16,24,2,374.0,0.05856189999997241
complete-greedy,2,16,24,3,1943.0,0.08012899999999945
complete-greedy,2,16,24,4,207.0,0.08717840000002752
complete-greedy,2,16,24,5,3573.0,0.04550769999997328
complete-greedy,2,16,24,6,1908.0,0.07038319999998066
complete-greedy,2,16,24,7,1326.0,0.07213620000004539
complete-greedy,2,16,24,8,3831.0,0.10459789999998748
complete-greedy,2,16,24,9,364.0,0.04103430000003527
complete-greedy,2,16,32,0,517143.0,0.07557170000001179
complete-greedy,2,16,32,1,1063693.0,0.050847799999985455
complete-greedy,2,16,32,2,520747.0,0.05426009999996495
complete-greedy,2,16,32,3,662846.0,0.06561149999998861
complete-greedy,2,16,32,4,285954.0,0.055571400000019366
complete-greedy,2,16,32,5,74426.0,0.07165969999999788
complete-greedy,2,16,32,6,838888.0,0.10212219999999661
complete-greedy,2,16,32,7,62265.0,0.06371319999999514
complete-greedy,2,16,32,8,58603.0,0.19939310000000887
complete-greedy,2,16,32,9,129510.0,0.11428640000002588
complete-greedy,2,16,48,0,24854836927.0,0.09225839999999152
complete-greedy,2,16,48,1,32180539518.0,0.1167728000000352
complete-greedy,2,16,48,2,9886687518.0,0.05239569999997684
complete-greedy,2,16,48,3,3122428956.0,0.05298259999995025
complete-greedy,2,16,48,4,59797480116.0,0.05863590000001295
complete-greedy,2,16,48,5,67577958238.0,0.13817030000001296
complete-greedy,2,16,48,6,36781605242.0,0.0759542000000124
complete-greedy,2,16,48,7,7857548130.0,0.04636389999996027
complete-greedy,2,16,48,8,6672263829.0,0.10170779999998558
complete-greedy,2,16,48,9,560232229.0,0.05513349999995398
complete-greedy,2,18,16,0,2.0,0.2511453999999844
complete-greedy,2,18,16,1,1.0,0.004780099999948106
complete-greedy,2,18,16,2,1.0,0.07363620000000992
complete-greedy,2,18,16,3,1.0,0.12583660000001373
complete-greedy,2,18,16,4,0.0,0.008084900000028483
complete-greedy,2,18,16,5,11.0,0.28463040000002593
complete-greedy,2,18,16,6,1.0,0.1813716999999997
complete-greedy,2,18,16,7,5.0,0.14565659999999525
complete-greedy,2,18,16,8,2.0,0.17734300000000758
complete-greedy,2,18,16,9,1.0,0.22206810000000132
complete-greedy,2,18,24,0,865.0,0.17984680000000708
complete-greedy,2,18,24,1,215.0,0.40815359999999146
complete-greedy,2,18,24,2,217.0,0.20872689999998784
complete-greedy,2,18,24,3,75.0,0.26975479999998697
complete-greedy,2,18,24,4,165.0,0.15441169999996873
complete-greedy,2,18,24,5,142.0,0.2081913999999756
complete-greedy,2,18,24,6,65.0,0.2072721000000115
complete-greedy,2,18,24,7,195.0,0.2793085000000133
complete-greedy,2,18,24,8,383.0,0.21181849999999258
complete-greedy,2,18,24,9,17.0,0.205251799999985
complete-greedy,2,18,32,0,30118.0,0.21476020000000062
complete-greedy,2,18,32,1,29098.0,0.2007064000000014
complete-greedy,2,18,32,2,21736.0,0.3205547000000024
complete-greedy,2,18,32,3,49258.0,0.23314649999997528
complete-greedy,2,18,32,4,381317.0,0.3946422999999868
complete-greedy,2,18,32,5,20064.0,0.40699439999997367
complete-greedy,2,18,32,6,132557.0,0.23595399999999245
complete-greedy,2,18,32,7,5968.0,0.0884260999999924
complete-greedy,2,18,32,8,160711.0,0.14672590000003538
complete-greedy,2,18,32,9,28519.0,0.1771534000000088
complete-greedy,2,18,48,0,4599333318.0,0.15914350000002742
complete-greedy,2,18,48,1,2792163007.0,0.4162509999999884
complete-greedy,2,18,48,2,26126441757.0,0.27474129999995967
complete-greedy,2,18,48,3,4787710256.0,0.17166860000003226
complete-greedy,2,18,48,4,4136062081.0,0.18141769999999724
complete-greedy,2,18,48,5,9026361611.0,0.19530400000002146
complete-greedy,2,18,48,6,868814396.0,0.29640430000000606
complete-greedy,2,18,48,7,9051981404.0,0.23421999999999343
complete-greedy,2,18,48,8,3063290856.0,0.03343039999998609
complete-greedy,2,18,48,9,25473133.0,0.12046479999997928
complete-greedy,2,20,16,0,1.0,0.02860040000001618
complete-greedy,2,20,16,1,0.0,0.6452664999999911
complete-greedy,2,20,16,2,0.0,0.07050750000001926
complete-greedy,2,20,16,3,0.0,0.19384750000000395
complete-greedy,2,20,16,4,0.0,0.10830690000000232
complete-greedy,2,20,16,5,1.0,0.06355759999996735
complete-greedy,2,20,16,6,0.0,0.0383403999999814
complete-greedy,2,20,16,7,1.0,0.24873999999999796
complete-greedy,2,20,16,8,1.0,0.34357039999997596
complete-greedy,2,20,16,9,1.0,0.0050716000000079475
complete-greedy,2,20,24,0,40.0,1.4214202
complete-greedy,2,20,24,1,483.0,0.2960576000000401
complete-greedy,2,20,24,2,84.0,1.181563800000049
complete-greedy,2,20,24,3,93.0,1.2940854999999942
complete-greedy,2,20,24,4,13.0,0.8823624999999993
complete-greedy,2,20,24,5,30.0,0.6419328000000064
complete-greedy,2,20,24,6,54.0,0.43304710000001023
complete-greedy,2,20,24,7,137.0,0.3350064999999631
complete-greedy,2,20,24,8,68.0,0.6229076999999847
complete-greedy,2,20,24,9,44.0,1.3047698999999966
complete-greedy,2,20,32,0,3184.0,0.698403600000006
complete-greedy,2,20,32,1,20771.0,2.12533140000005
complete-greedy,2,20,32,2,37535.0,0.42525249999999915
complete-greedy,2,20,32,3,4694.0,1.4966617000000042
complete-greedy,2,20,32,4,2422.0,0.9565394999999626
complete-greedy,2,20,32,5,51144.0,0.8823477000000253
complete-greedy,2,20,32,6,40377.0,1.2195854999999938
complete-greedy,2,20,32,7,13802.0,0.6574717999999962
complete-greedy,2,20,32,8,26670.0,0.5928546999999753
complete-greedy,2,20,32,9,11976.0,0.5304628000000093
complete-greedy,2,20,48,0,1171465811.0,0.8226587999999992
complete-greedy,2,20,48,1,555230811.0,0.9237787000000139
complete-greedy,2,20,48,2,267591920.0,1.1229510000000005
complete-greedy,2,20,48,3,152674861.0,0.4990309000000366
complete-greedy,2,20,48,4,1138160988.0,0.6729512
complete-greedy,2,20,48,5,2352951149.0,1.4167455000000473
complete-greedy,2,20,48,6,259489857.0,0.7910617999999658
complete-greedy,2,20,48,7,3711646428.0,0.8496602999999823
complete-greedy,2,20,48,8,3630045633.0,1.1453265999999758
complete-greedy,2,20,48,9,3852732967.0,0.7186954000000014
complete-greedy,2,22,16,0,1.0,0.06530529999997725
complete-greedy,2,22,16,1,1.0,0.14419939999993403
complete-greedy,2,22,16,2,1.0,0.24412440000003244
complete-greedy,2,22,16,3,1.0,0.057447600000045895
complete-greedy,2,22,16,4,0.0,1.5971283999999741
complete-greedy,2,22,16,5,0.0,0.053704900000070666
complete-greedy,2,22,16,6,0.0,0.16071369999997387
complete-greedy,2,22,16,7,0.0,0.2431007000000136
complete-greedy,2,22,16,8,0.0,0.3436903000000484
complete-greedy,2,22,16,9,1.0,0.030249700000013036
complete-greedy,2,22,24,0,37.0,3.292209699999944
complete-greedy,2,22,24,1,37.0,3.4769960000000992
complete-greedy,2,22,24,2,14.0,1.6686591999999791
complete-greedy,2,22,24,3,65.0,3.9085853999999927
complete-greedy,2,22,24,4,48.0,4.02685299999996
complete-greedy,2,22,24,5,39.0,2.906432700000096
complete-greedy,2,22,24,6,30.0,1.191795999999954
complete-greedy,2,22,24,7,57.0,3.5722119000000703
complete-greedy,2,22,24,8,3.0,2.7693027000000257
complete-greedy,2,22,24,9,40.0,3.5793054999999185
complete-greedy,2,22,32,0,3035.0,2.214628599999969
complete-greedy,2,22,32,1,958.0,2.748948700000028
complete-greedy,2,22,32,2,8548.0,2.024654299999952
complete-greedy,2,22,32,3,96.0,1.028765900000053
complete-greedy,2,22,32,4,4597.0,1.4614436000000524
complete-greedy,2,22,32,5,13108.0,2.416999799999985
complete-greedy,2,22,32,6,519.0,3.3576048999999557
complete-greedy,2,22,32,7,7474.0,3.8806460000000698
complete-greedy,2,22,32,8,5436.0,3.5721525999999812
complete-greedy,2,22,32,9,11010.0,3.3748154999999542
complete-greedy,2,22,48,0,225541450.0,3.5091125000000147
complete-greedy,2,22,48,1,230872208.0,2.408604299999979
complete-greedy,2,22,48,2,704730384.0,4.292052500000068
complete-greedy,2,22,48,3,102868666.0,3.0720733000000564
complete-greedy,2,22,48,4,220578880.0,2.671625600000084
complete-greedy,2,22,48,5,641759409.0,3.234724099999994
complete-greedy,2,22,48,6,210463696.0,1.4135606999999482
complete-greedy,2,22,48,7,99837520.0,3.4279599999999846
complete-greedy,2,22,48,8,178821728.0,1.5348711999999978
complete-greedy,2,22,48,9,110388110.0,2.5524748000000272
complete-greedy,2,24,16,0,1.0,0.0029981000000134372
complete-greedy,2,24,16,1,0.0,0.17388920000007602
complete-greedy,2,24,16,2,0.0,0.09616610000000492
complete-greedy,2,24,16,3,0.0,0.3141109000000597
complete-greedy,2,24,16,4,1.0,0.27593980000006013
complete-greedy,2,24,16,5,1.0,0.3683458000000428
complete-greedy,2,24,16,6,0.0,0.330174300000067
complete-greedy,2,24,16,7,1.0,0.17585759999997208
complete-greedy,2,24,16,8,0.0,0.2884665000000268
complete-greedy,2,24,16,9,1.0,0.6205304999999726
complete-greedy,2,24,24,0,17.0,10.589057799999978
complete-greedy,2,24,24,1,7.0,5.957579799999962
complete-greedy,2,24,24,2,2.0,13.615104200000019
complete-greedy,2,24,24,3,3.0,9.045910200000094
complete-greedy,2,24,24,4,11.0,12.325582199999985
complete-greedy,2,24,24,5,38.0,20.011632200000008
complete-greedy,2,24,24,6,0.0,4.061659500000019
complete-greedy,2,24,24,7,8.0,13.207677999999987
complete-greedy,2,24,24,8,3.0,13.907037700000046
complete-greedy,2,24,24,9,0.0,4.329001500000004
complete-greedy,2,24,32,0,201.0,8.751406900000006
complete-greedy,2,24,32,1,1012.0,12.47429370000009
complete-greedy,2,24,32,2,1826.0,9.433150100000034
complete-greedy,2,24,32,3,3076.0,10.54043820000004
complete-greedy,2,24,32,4,3029.0,17.25304319999998
complete-greedy,2,24,32,5,3864.0,10.651661399999966
complete-greedy,2,24,32,6,540.0,25.697833800000012
complete-greedy,2,24,32,7,789.0,10.174448200000029
complete-greedy,2,24,32,8,743.0,7.103810000000067
complete-greedy,2,24,32,9,2031.0,30.05571960000009
complete-greedy,2,24,48,0,148640830.0,22.760087800000065
complete-greedy,2,24,48,1,199335219.0,7.692321799999945
complete-greedy,2,24,48,2,222034648.0,4.724219199999993
complete-greedy,2,24,48,3,138214828.0,4.710161900000003
complete-greedy,2,24,48,4,92562779.0,13.04350839999995
complete-greedy,2,24,48,5,182747551.0,7.852432399999998
complete-greedy,2,24,48,6,247246658.0,12.564878799999974
complete-greedy,2,24,48,7,257251871.0,10.496124099999975
complete-greedy,2,24,48,8,146719271.0,10.478194799999983
complete-greedy,2,26,16,0,1.0,0.19510920000004717
complete-greedy,2,26,16,1,1.0,0.0689258999999538
complete-greedy,2,26,16,2,1.0,0.12183860000004643
complete-greedy,2,26,16,3,1.0,0.09299499999997352
complete-greedy,2,26,16,4,1.0,0.007168799999931252
complete-greedy,2,26,16,5,1.0,0.004553899999905298
complete-greedy,2,26,16,6,0.0,0.18603039999993598
complete-greedy,2,26,16,7,1.0,0.20345140000006268
complete-greedy,2,26,16,8,1.0,0.0369057000000339
complete-greedy,2,26,16,9,0.0,0.020445099999960803
complete-greedy,2,26,24,0,1.0,13.348711200000025
complete-greedy,2,26,24,1,2.0,27.53335119999997
complete-greedy,2,26,24,2,3.0,23.07382580000001
complete-greedy,2,26,24,3,0.0,7.403444000000036
complete-greedy,2,26,24,4,2.0,33.70162400000004
complete-greedy,2,26,32,0,689.0,15.250354100000095
complete-greedy,2,26,32,1,23.0,18.348833699999886
complete-greedy,2,26,32,2,324.0,13.477553800000123
complete-greedy,2,26,32,3,547.0,44.59883170000012
complete-greedy,2,26,48,0,45909332.0,59.76859390000004
complete-greedy,2,28,16,0,1.0,0.029694199999994453
complete-greedy,2,28,16,1,1.0,0.03464429999985441
complete-greedy,2,28,16,2,0.0,0.042620700000043144
complete-greedy,2,28,16,3,0.0,0.21191189999990456
complete-greedy,2,28,16,4,0.0,0.037704500000018015
complete-greedy,2,28,16,5,1.0,0.0675115999999889
complete-greedy,2,28,16,6,0.0,0.1322646999999506
complete-greedy,2,28,16,7,0.0,0.12200389999998151
complete-greedy,2,28,16,8,1.0,0.0985376000000997
complete-greedy,2,28,16,9,1.0,0.005416199999899618
complete-greedy,2,28,24,0,0.0,28.920317100000148
complete-greedy,2,28,24,1,1.0,30.71280590000015
complete-greedy,2,28,32,0,134.0,260.0538445999998
complete-greedy,2,30,16,0,0.0,0.19803779999983817
complete-greedy,2,30,16,1,1.0,0.13361669999994774
complete-greedy,2,30,16,2,0.0,1.313430100000005
complete-greedy,2,30,16,3,1.0,0.04240920000006554
complete-greedy,2,30,16,4,1.0,0.15760849999992388
complete-greedy,2,30,16,5,0.0,0.015455599999995684
complete-greedy,2,30,16,6,0.0,0.20039229999997588
complete-greedy,2,30,16,7,0.0,0.0444543999999496
complete-greedy,2,30,16,8,0.0,0.3024084999999559
complete-greedy,2,30,16,9,0.0,0.13782649999984642
complete-greedy,2,30,24,0,1.0,130.25813399999993
complete-greedy,2,32,16,0,1.0,0.06612459999996645
complete-greedy,2,32,16,1,0.0,0.11193989999992482
complete-greedy,2,32,16,2,0.0,0.3545447999999851
complete-greedy,2,32,16,3,0.0,0.06249700000012126
complete-greedy,2,32,16,4,0.0,0.3216844000000947
complete-greedy,2,32,16,5,1.0,0.09101509999982227
complete-greedy,2,32,16,6,0.0,0.44986470000003465
complete-greedy,2,32,16,7,0.0,0.05632349999996222
complete-greedy,2,32,16,8,1.0,0.03344080000010763
complete-greedy,2,32,16,9,0.0,0.21425909999993564
complete-greedy,2,34,16,0,1.0,0.01699109999981374
complete-greedy,2,34,16,1,0.0,0.023994700000002922
complete-greedy,2,34,16,2,0.0,0.3151046000000406
complete-greedy,2,34,16,3,0.0,0.009597999999868989
complete-greedy,2,34,16,4,0.0,0.22485799999981282
complete-greedy,2,34,16,5,1.0,0.1780800999999883
complete-greedy,2,34,16,6,1.0,0.022830000000112705
complete-greedy,2,34,16,7,0.0,0.20614920000002712
complete-greedy,2,34,16,8,1.0,0.1519140000000334
complete-greedy,2,34,16,9,1.0,0.05452199999990626
complete-greedy,2,36,16,0,1.0,0.05803380000020297
complete-greedy,2,36,16,1,0.0,0.4648709000000508
complete-greedy,2,36,16,2,0.0,0.02489360000004126
complete-greedy,2,36,16,3,1.0,0.009705499999881795
complete-greedy,2,36,16,4,0.0,0.12133590000007644
complete-greedy,2,36,16,5,0.0,0.09038429999986874
complete-greedy,2,36,16,6,1.0,0.021656900000152746
complete-greedy,2,36,16,7,1.0,0.011964499999976397
complete-greedy,2,36,16,8,1.0,0.1447089999999207
complete-greedy,2,36,16,9,0.0,0.016919099999995524
complete-greedy,2,38,16,0,0.0,0.17373689999999442
complete-greedy,2,38,16,1,0.0,0.11132580000003145
complete-greedy,2,38,16,2,1.0,0.03305569999997715
complete-greedy,2,38,16,3,1.0,0.0024321999999301624
complete-greedy,2,38,16,4,0.0,0.05730309999989913
complete-greedy,2,38,16,5,0.0,0.010781699999824923
complete-greedy,2,38,16,6,0.0,0.07481680000000779
complete-greedy,2,38,16,7,0.0,0.13172460000009778
complete-greedy,2,38,16,8,0.0,0.0885344000000714
complete-greedy,2,38,16,9,0.0,0.24940399999991314
complete-greedy,2,40,16,0,0.0,0.0227497000000767
complete-greedy,2,40,16,1,1.0,0.03162030000021332
complete-greedy,2,40,16,2,1.0,0.022944399999914822
complete-greedy,2,40,16,3,1.0,0.13308250000000044
complete-greedy,2,40,16,4,0.0,0.15846680000004199
complete-greedy,2,40,16,5,1.0,0.3005789999999706
complete-greedy,2,40,16,6,0.0,0.5267119000000093
complete-greedy,2,40,16,7,0.0,0.02351659999999356
complete-greedy,2,40,16,8,0.0,0.024336999999832187
complete-greedy,2,40,16,9,1.0,0.03293159999998352
complete-greedy,2,45,16,0,0.0,0.17938210000011168
complete-greedy,2,45,16,1,0.0,0.1731492999999773
complete-greedy,2,45,16,2,1.0,0.39757429999986016
complete-greedy,2,45,16,3,0.0,0.012766699999929187
complete-greedy,2,45,16,4,1.0,0.02149199999985285
complete-greedy,2,45,16,5,0.0,0.1778299000000061
complete-greedy,2,45,16,6,0.0,0.01578990000007252
complete-greedy,2,45,16,7,0.0,0.06064679999985856
complete-greedy,2,45,16,8,1.0,0.02005749999989348
complete-greedy,2,45,16,9,1.0,0.010516300000062984
complete-greedy,2,50,16,0,1.0,0.0033915999999862834
complete-greedy,2,50,16,1,1.0,0.022517699999980323
complete-greedy,2,50,16,2,0.0,0.07789370000000417
complete-greedy,2,50,16,3,0.0,0.1795056000000841
complete-greedy,2,50,16,4,1.0,0.1987234000000626
complete-greedy,2,50,16,5,1.0,0.11837470000000394
complete-greedy,2,50,16,6,1.0,0.24005659999988893
complete-greedy,2,50,16,7,0.0,0.010901300000114134
complete-greedy,2,50,16,8,0.0,0.21527560000004087
complete-greedy,2,50,16,9,0.0,0.03164309999988291
complete-greedy,2,60,16,0,0.0,0.10303299999986848
complete-greedy,2,60,16,1,0.0,0.2772941999999148
complete-greedy,2,60,16,2,1.0,0.08096440000008442
complete-greedy,2,60,16,3,1.0,0.16891910000003918
complete-greedy,2,60,16,4,0.0,0.025203899999951318
complete-greedy,2,60,16,5,0.0,0.10759340000004158
complete-greedy,2,60,16,6,0.0,0.5324966000000586
complete-greedy,2,60,16,7,1.0,0.02647930000011911
complete-greedy,2,60,16,8,0.0,0.12110529999995379
complete-greedy,2,60,16,9,0.0,0.07534839999993892
complete-greedy,2,70,16,0,0.0,0.23866290000000845
complete-greedy,2,70,16,1,0.0,0.006676400000060312
complete-greedy,2,70,16,2,0.0,0.022684600000047794
complete-greedy,2,70,16,3,1.0,0.1105837000000065
complete-greedy,2,70,16,4,1.0,0.013367199999947843
complete-greedy,2,70,16,5,0.0,0.08368590000009135
complete-greedy,2,70,16,6,0.0,0.1801448999999593
complete-greedy,2,70,16,7,1.0,0.06896029999984421
complete-greedy,2,70,16,8,0.0,0.055391199999803575
complete-greedy,2,70,16,9,1.0,0.0671826999998757
complete-greedy,2,80,16,0,1.0,0.012693099999978585
complete-greedy,2,80,16,1,0.0,0.00347949999991215
complete-greedy,2,80,16,2,1.0,0.020169500000065455
complete-greedy,2,80,16,3,0.0,0.11331999999993059
complete-greedy,2,80,16,4,1.0,0.007808999999951993
complete-greedy,2,80,16,5,0.0,0.08353140000008352
complete-greedy,2,80,16,6,1.0,0.01700770000002194
complete-greedy,2,80,16,7,1.0,0.05530339999995704
complete-greedy,2,80,16,8,0.0,0.11233900000001995
complete-greedy,2,80,16,9,1.0,0.09926810000001751
complete-greedy,2,90,16,0,1.0,0.022093600000061997
complete-greedy,2,90,16,1,0.0,0.017082599999866943
complete-greedy,2,90,16,2,1.0,0.015704299999924842
complete-greedy,2,90,16,3,1.0,0.02790000000004511
complete-greedy,2,90,16,4,0.0,0.229411200000186
complete-greedy,2,90,16,5,1.0,0.06765040000004774
complete-greedy,2,90,16,6,1.0,0.05974330000003647
complete-greedy,2,90,16,7,0.0,0.17229239999983292
complete-greedy,2,90,16,8,0.0,0.42495729999996
complete-greedy,2,90,16,9,1.0,0.008801100000027873
complete-greedy,2,100,16,0,0.0,0.16037200000005214
complete-greedy,2,100,16,1,1.0,0.006793400000105976
complete-greedy,2,100,16,2,1.0,0.03621100000009392
complete-greedy,2,100,16,3,0.0,0.2663754999998673
complete-greedy,2,100,16,4,1.0,0.029009599999881175
complete-greedy,2,100,16,5,1.0,0.00912160000007134
complete-greedy,2,100,16,6,0.0,0.04389549999996234
complete-greedy,2,100,16,7,0.0,0.02735649999999623
complete-greedy,2,100,16,8,1.0,0.044609699999909935
complete-greedy,2,100,16,9,1.0,0.022797899999886795
complete-karmarkar-karp,2,10,16,0,250.0,0.007177199999887307
complete-karmarkar-karp,2,10,16,1,77.0,0.005969399999912639
complete-karmarkar-karp,2,10,16,2,56.0,0.00975430000016786
complete-karmarkar-karp,2,10,16,3,220.0,0.0094259999998485
complete-karmarkar-karp,2,10,16,4,498.0,0.0093782999999803
complete-karmarkar-karp,2,10,16,5,642.0,0.006837799999857452
complete-karmarkar-karp,2,10,16,6,286.0,0.009154299999863724
complete-karmarkar-karp,2,10,16,7,13.0,0.012020399999983056
complete-karmarkar-karp,2,10,16,8,134.0,0.005387400000017806
complete-karmarkar-karp,2,10,16,9,35.0,0.007729500000095868
complete-karmarkar-karp,2,10,24,0,9943.0,0.010886000000027707
complete-karmarkar-karp,2,10,24,1,12864.0,0.002917400000114867
complete-karmarkar-karp,2,10,24,2,11276.0,0.004061700000193014
complete-karmarkar-karp,2,10,24,3,18742.0,0.012874600000031933
complete-karmarkar-karp,2,10,24,4,7304.0,0.014597999999978128
complete-karmarkar-karp,2,10,24,5,218697.0,0.008205300000099669
complete-karmarkar-karp,2,10,24,6,86257.0,0.01030070000001615
complete-karmarkar-karp,2,10,24,7,80928.0,0.007583300000078452
complete-karmarkar-karp,2,10,24,8,31855.0,0.008195599999908154
complete-karmarkar-karp,2,10,24,9,7685.0,0.004609699999946315
complete-karmarkar-karp,2,10,32,0,8070998.0,0.006617199999936929
complete-karmarkar-karp,2,10,32,1,14730601.0,0.008374000000003434
complete-karmarkar-karp,2,10,32,2,12616205.0,0.007466699999895354
complete-karmarkar-karp,2,10,32,3,4588975.0,0.007319599999846105
complete-karmarkar-karp,2,10,32,4,29807163.0,0.007917099999986021
complete-karmarkar-karp,2,10,32,5,8704860.0,0.00422630000002755
complete-karmarkar-karp,2,10,32,6,1039071.0,0.007422099999985221
complete-karmarkar-karp,2,10,32,7,8235073.0,0.007157100000085848
complete-karmarkar-karp,2,10,32,8,8747944.0,0.012001199999986056
complete-karmarkar-karp,2,10,32,9,5643159.0,0.002727699999923061
complete-karmarkar-karp,2,10,48,0,458527483226.0,0.0077948999999080115
complete-karmarkar-karp,2,10,48,1,2387847670494.0,0.009427599999980885
complete-karmarkar-karp,2,10,48,2,968587197529.0,0.007974500000045737
complete-karmarkar-karp,2,10,48,3,4079503994902.0,0.0072026000000278145
complete-karmarkar-karp,2,10,48,4,119531226890.0,0.008928199999900244
complete-karmarkar-karp,2,10,48,5,1953616370474.0,0.006848000000218235
complete-karmarkar-karp,2,10,48,6,968179544463.0,0.012030200000026525
complete-karmarkar-karp,2,10,48,7,190680991525.0,0.00958800000012161
complete-karmarkar-karp,2,10,48,8,4012177934332.0,0.005025899999964167
complete-karmarkar-karp,2,10,48,9,850354819945.0,0.014864299999999275
complete-karmarkar-karp,2,12,16,0,209.0,0.03827899999987494
complete-karmarkar-karp,2,12,16,1,68.0,0.02391810000017358
complete-karmarkar-karp,2,12,16,2,96.0,0.045661699999982375
complete-karmarkar-karp,2,12,16,3,107.0,0.023502800000187563
complete-karmarkar-karp,2,12,16,4,36.0,0.026557500000080836
complete-karmarkar-karp,2,12,16,5,1.0,0.03311620000022231
complete-karmarkar-karp,2,12,16,6,133.0,0.035274500000014086
complete-karmarkar-karp,2,12,16,7,31.0,0.016925399999990987
complete-karmarkar-karp,2,12,16,8,20.0,0.02621750000002976
complete-karmarkar-karp,2,12,16,9,4.0,0.03897789999996348
complete-karmarkar-karp,2,12,24,0,8306.0,0.020185000000083164
complete-karmarkar-karp,2,12,24,1,30728.0,0.02857729999982439
complete-karmarkar-karp,2,12,24,2,9171.0,0.040382500000077926
complete-karmarkar-karp,2,12,24,3,14684.0,0.018746299999975236
complete-karmarkar-karp,2,12,24,4,30312.0,0.036067400000092675
complete-karmarkar-karp,2,12,24,5,129685.0,0.011190700000042852
complete-karmarkar-karp,2,12,24,6,4625.0,0.044890399999985675
complete-karmarkar-karp,2,12,24,7,65806.0,0.009520699999939097
complete-karmarkar-karp,2,12,24,8,8441.0,0.026897800000142524
complete-karmarkar-karp,2,12,24,9,5243.0,0.03219130000002224
complete-karmarkar-karp,2,12,32,0,5234368.0,0.02258429999983491
complete-karmarkar-karp,2,12,32,1,3039464.0,0.028134199999840348
complete-karmarkar-karp,2,12,32,2,112292.0,0.011839300000019648
complete-karmarkar-karp,2,12,32,3,7284858.0,0.02270549999980176
complete-karmarkar-karp,2,12,32,4,13059489.0,0.018452499999966676
complete-karmarkar-karp,2,12,32,5,2488560.0,0.020667200000161756
complete-karmarkar-karp,2,12,32,6,4972182.0,0.019700699999930293
complete-karmarkar-karp,2,12,32,7,24201373.0,0.022837000000208718
complete-karmarkar-karp,2,12,32,8,8740274.0,0.02565760000015871
complete-karmarkar-karp,2,12,32,9,3004989.0,0.02961449999997967
complete-karmarkar-karp,2,12,48,0,346274700027.0,0.034761699999990014
complete-karmarkar-karp,2,12,48,1,160780227609.0,0.01761850000002596
complete-karmarkar-karp,2,12,48,2,360557710625.0,0.025136999999858745
complete-karmarkar-karp,2,12,48,3,437270725305.0,0.03235799999993105
complete-karmarkar-karp,2,12,48,4,783861785755.0,0.026893999999856533
complete-karmarkar-karp,2,12,48,5,567314269734.0,0.03369569999995292
complete-karmarkar-karp,2,12,48,6,74168737541.0,0.029221899999811285
complete-karmarkar-karp,2,12,48,7,187644794917.0,0.028617899999971996
complete-karmarkar-karp,2,12,48,8,1293905804702.0,0.015912300000081814
complete-karmarkar-karp,2,12,48,9,86365992324.0,0.029813999999987573
complete-karmarkar-karp,2,14,16,0,1.0,0.0712057000000641
complete-karmarkar-karp,2,14,16,1,6.0,0.1254316000001836
complete-karmarkar-karp,2,14,16,2,11.0,0.11028479999981755
complete-karmarkar-karp,2,14,16,3,19.0,0.06097399999998743
complete-karmarkar-karp,2,14,16,4,13.0,0.11078040000006695
complete-karmarkar-karp,2,14,16,5,17.0,0.11648239999999532
complete-karmarkar-karp,2,14,16,6,6.0,0.09784220000005917
complete-karmarkar-karp,2,14,16,7,46.0,0.05905680000000757
complete-karmarkar-karp,2,14,16,8,20.0,0.07387149999999565
complete-karmarkar-karp,2,14,16,9,35.0,0.06778899999994792
complete-karmarkar-karp,2,14,24,0,3694.0,0.09538029999998798
complete-karmarkar-karp,2,14,24,1,3104.0,0.10502469999983077
complete-karmarkar-karp,2,14,24,2,1699.0,0.06239240000013524
complete-karmarkar-karp,2,14,24,3,13430.0,0.11124670000003789
complete-karmarkar-karp,2,14,24,4,5515.0,0.10447470000008252
complete-karmarkar-karp,2,14,24,5,768.0,0.07805950000010853
complete-karmarkar-karp,2,14,24,6,1028.0,0.08301120000010087
complete-karmarkar-karp,2,14,24,7,4442.0,0.07242670000005091
complete-karmarkar-karp,2,14,24,8,595.0,0.06515049999984512
complete-karmarkar-karp,2,14,24,9,2641.0,0.0640346000000136
complete-karmarkar-karp,2,14,32,0,3147792.0,0.16066369999998642
complete-karmarkar-karp,2,14,32,1,359564.0,0.08499899999992522
complete-karmarkar-karp,2,14,32,2,915832.0,0.11593680000009954
complete-karmarkar-karp,2,14,32,3,131378.0,0.08528780000006009
complete-karmarkar-karp,2,14,32,4,345326.0,0.06134460000021136
complete-karmarkar-karp,2,14,32,5,522024.0,0.08912099999997736
complete-karmarkar-karp,2,14,32,6,3405920.0,0.1404078999999001
complete-karmarkar-karp,2,14,32,7,322659.0,0.12531089999993128
complete-karmarkar-karp,2,14,32,8,2422838.0,0.037169800000128816
complete-karmarkar-karp,2,14,32,9,1437605.0,0.06463239999993675
complete-karmarkar-karp,2,14,48,0,14317155561.0,0.0911330999999791
complete-karmarkar-karp,2,14,48,1,10806249733.0,0.07245149999994283
complete-karmarkar-karp,2,14,48,2,11609721935.0,0.11708780000003571
complete-karmarkar-karp,2,14,48,3,179589497862.0,0.13097430000016175
complete-karmarkar-karp,2,14,48,4,5759005538.0,0.08212180000009539
complete-karmarkar-karp,2,14,48,5,370968189674.0,0.06467659999998432
complete-karmarkar-karp,2,14,48,6,163640960379.0,0.11696890000007443
complete-karmarkar-karp,2,14,48,7,4870377732.0,0.12878750000004402
complete-karmarkar-karp,2,14,48,8,54383278524.0,0.11242609999999331
complete-karmarkar-karp,2,14,48,9,3603592580.0,0.11345080000000962
complete-karmarkar-karp,2,16,16,0,4.0,0.19924399999990783
complete-karmarkar-karp,2,16,16,1,1.0,0.3385359999999764
complete-karmarkar-karp,2,16,16,2,1.0,0.22938010000007125
complete-karmarkar-karp,2,16,16,3,0.0,0.003402200000209632
complete-karmarkar-karp,2,16,16,4,11.0,0.4338756000001922
complete-karmarkar-karp,2,16,16,5,1.0,0.40805169999998725
complete-karmarkar-karp,2,16,16,6,0.0,0.24785190000011426
complete-karmarkar-karp,2,16,16,7,5.0,0.27460739999992256
complete-karmarkar-karp,2,16,16,8,9.0,0.33981340000013915
complete-karmarkar-karp,2,16,16,9,6.0,0.27126719999978377
complete-karmarkar-karp,2,16,24,0,13.0,0.2233382999997957
complete-karmarkar-karp,2,16,24,1,457.0,0.20639310000001387
complete-karmarkar-karp,2,16,24,2,842.0,0.1466731999998956
complete-karmarkar-karp,2,16,24,3,1911.0,0.1424369999999726
complete-karmarkar-karp,2,16,24,4,358.0,0.26931070000000545
complete-karmarkar-karp,2,16,24,5,802.0,0.15943270000002485
complete-karmarkar-karp,2,16,24,6,1844.0,0.2983884999998736
complete-karmarkar-karp,2,16,24,7,192.0,0.2677952000001369
complete-karmarkar-karp,2,16,24,8,1035.0,0.3722101000000748
complete-karmarkar-karp,2,16,24,9,1962.0,0.28834520000009434
complete-karmarkar-karp,2,16,32,0,145757.0,0.364792800000032
complete-karmarkar-karp,2,16,32,1,357175.0,0.3246787000000495
complete-karmarkar-karp,2,16,32,2,89595.0,0.3602132999999412
complete-karmarkar-karp,2,16,32,3,41706.0,0.2578575000000001
complete-karmarkar-karp,2,16,32,4,449629.0,0.3713620999999421
complete-karmarkar-karp,2,16,32,5,176506.0,0.42376070000000254
complete-karmarkar-karp,2,16,32,6,199610.0,0.2708205999999791
complete-karmarkar-karp,2,16,32,7,442854.0,0.2880959999999959
complete-karmarkar-karp,2,16,32,8,106243.0,0.427425600000106
complete-karmarkar-karp,2,16,32,9,422057.0,0.8011033000000225
complete-karmarkar-karp,2,16,48,0,528689597.0,0.44639200000005985
complete-karmarkar-karp,2,16,48,1,42345553586.0,0.49024469999994835
complete-karmarkar-karp,2,16,48,2,7777907304.0,0.25639360000013767
complete-karmarkar-karp,2,16,48,3,922965331.0,0.33391770000002907
complete-karmarkar-karp,2,16,48,4,10731544310.0,0.4379233999998178
complete-karmarkar-karp,2,16,48,5,7574665319.0,0.27290679999987333
complete-karmarkar-karp,2,16,48,6,25217110512.0,0.4308845000000474
complete-karmarkar-karp,2,16,48,7,74551431778.0,0.4968503000000055
complete-karmarkar-karp,2,16,48,8,4168499951.0,0.520208700000012
complete-karmarkar-karp,2,16,48,9,4077363164.0,0.3173912999998265
complete-karmarkar-karp,2,18,16,0,1.0,1.466749400000026
complete-karmarkar-karp,2,18,16,1,0.0,0.18319309999992583
complete-karmarkar-karp,2,18,16,2,4.0,0.9023467000001801
complete-karmarkar-karp,2,18,16,3,1.0,2.347055500000124
complete-karmarkar-karp,2,18,16,4,0.0,0.4404147999998713
complete-karmarkar-karp,2,18,16,5,2.0,1.1066039999998338
complete-karmarkar-karp,2,18,16,6,1.0,1.3889738000000307
complete-karmarkar-karp,2,18,16,7,3.0,1.0970012999998744
complete-karmarkar-karp,2,18,16,8,1.0,1.1856381999998575
complete-karmarkar-karp,2,18,16,9,3.0,0.8402814000000944
complete-karmarkar-karp,2,18,24,0,153.0,0.9707140000000436
complete-karmarkar-karp,2,18,24,1,122.0,1.1299267000001691
complete-karmarkar-karp,2,18,24,2,25.0,1.4927827999999863
complete-karmarkar-karp,2,18,24,3,364.0,1.403605700000071
complete-karmarkar-karp,2,18,24,4,224.0,0.9185156999999435
complete-karmarkar-karp,2,18,24,5,190.0,1.1973480999999992
complete-karmarkar-karp,2,18,24,6,73.0,1.102988200000027
complete-karmarkar-karp,2,18,24,7,39.0,0.8281945000001087
complete-karmarkar-karp,2,18,24,8,312.0,0.9819990999999391
complete-karmarkar-karp,2,18,24,9,18.0,1.1298973000000387
complete-karmarkar-karp,2,18,32,0,247384.0,0.8983356999999614
complete-karmarkar-karp,2,18,32,1,14930.0,1.227107500000102
complete-karmarkar-karp,2,18,32,2,366679.0,1.0171020000000226
complete-karmarkar-karp,2,18,32,3,353318.0,1.0491431000000375
complete-karmarkar-karp,2,18,32,4,89325.0,1.7071476000000985
complete-karmarkar-karp,2,18,32,5,57907.0,1.2902731000001495
complete-karmarkar-karp,2,18,32,6,23527.0,0.875652700000046
complete-karmarkar-karp,2,18,32,7,140288.0,1.3398036999999476
complete-karmarkar-karp,2,18,32,8,22317.0,1.4992095999998583
complete-karmarkar-karp,2,18,32,9,534927.0,0.8829216000001452
complete-karmarkar-karp,2,18,48,0,5222200013.0,1.1630711999998766
complete-karmarkar-karp,2,18,48,1,29773291347.0,1.3733861000000616
complete-karmarkar-karp,2,18,48,2,15688888995.0,1.6397452999999587
complete-karmarkar-karp,2,18,48,3,3489686913.0,0.701540100000102
complete-karmarkar-karp,2,18,48,4,3513389907.0,0.813761999999997
complete-karmarkar-karp,2,18,48,5,2649951315.0,1.2897836999998162
complete-karmarkar-karp,2,18,48,6,4105404519.0,1.4502959999999803
complete-karmarkar-karp,2,18,48,7,2205960959.0,1.1209361000001081
complete-karmarkar-karp,2,18,48,8,1528239978.0,1.3908237999999074
complete-karmarkar-karp,2,18,48,9,4011313839.0,1.4319295000000238
complete-karmarkar-karp,2,20,16,0,1.0,4.916803399999935
complete-karmarkar-karp,2,20,16,1,0.0,0.10311240000010002
complete-karmarkar-karp,2,20,16,2,1.0,7.916258399999833
complete-karmarkar-karp,2,20,16,3,0.0,0.09841089999986252
complete-karmarkar-karp,2,20,16,4,1.0,4.656918899999937
complete-karmarkar-karp,2,20,16,5,0.0,1.9571085999998559
complete-karmarkar-karp,2,20,16,6,0.0,4.370810299999903
complete-karmarkar-karp,2,20,16,7,0.0,2.1613351999999395
complete-karmarkar-karp,2,20,16,8,0.0,0.015202399999907357
complete-karmarkar-karp,2,20,16,9,0.0,1.8326686000000336
complete-karmarkar-karp,2,20,24,0,30.0,2.605342500000006
complete-karmarkar-karp,2,20,24,1,1.0,5.3732138000000305
complete-karmarkar-karp,2,20,24,2,132.0,5.60762069999987
complete-karmarkar-karp,2,20,24,3,213.0,5.16344939999999
complete-karmarkar-karp,2,20,24,4,96.0,5.455490999999938
complete-karmarkar-karp,2,20,24,5,45.0,5.064787099999876
complete-karmarkar-karp,2,20,24,6,435.0,3.0010419000000184
complete-karmarkar-karp,2,20,24,7,87.0,3.443547800000033
complete-karmarkar-karp,2,20,24,8,72.0,5.1603333000000475
complete-karmarkar-karp,2,20,24,9,162.0,3.241832400000021
complete-karmarkar-karp,2,20,32,0,97607.0,4.905035600000019
complete-karmarkar-karp,2,20,32,1,33542.0,3.078731699999935
complete-karmarkar-karp,2,20,32,2,2480.0,3.482137800000146
complete-karmarkar-karp,2,20,32,3,8361.0,6.106859499999928
complete-karmarkar-karp,2,20,32,4,27140.0,2.2222093000000314
complete-karmarkar-karp,2,20,32,5,33501.0,3.1532190000000355
complete-karmarkar-karp,2,20,32,6,46593.0,5.193270499999926
complete-karmarkar-karp,2,20,32,7,38770.0,4.470563099999936
complete-karmarkar-karp,2,20,32,8,33957.0,3.0034831000000395
complete-karmarkar-karp,2,20,32,9,91566.0,3.7598215000000437
complete-karmarkar-karp,2,20,48,0,833356931.0,5.933342100000118
complete-karmarkar-karp,2,20,48,1,152667944.0,3.3107378000001972
complete-karmarkar-karp,2,20,48,2,499883734.0,6.154442199999949
complete-karmarkar-karp,2,20,48,3,622195487.0,5.830108500000051
complete-karmarkar-karp,2,20,48,4,413618754.0,3.576213300000063
complete-karmarkar-karp,2,20,48,5,129948177.0,5.969663200000014
complete-karmarkar-karp,2,20,48,6,14659226948.0,6.01285259999986
complete-karmarkar-karp,2,20,48,7,228041417.0,2.457865399999946
complete-karmarkar-karp,2,20,48,8,2839022725.0,5.596680200000037
complete-karmarkar-karp,2,20,48,9,407001399.0,1.869644899999912
complete-karmarkar-karp,2,22,16,0,1.0,14.589661400000068
complete-karmarkar-karp,2,22,16,1,0.0,0.8485933999997997
complete-karmarkar-karp,2,22,16,2,1.0,20.13340459999995
complete-karmarkar-karp,2,22,16,3,1.0,15.39625500000011
complete-karmarkar-karp,2,22,16,4,1.0,20.93620839999994
complete-karmarkar-karp,2,22,16,5,1.0,6.30729620000011
complete-karmarkar-karp,2,22,16,6,1.0,18.254990200000066
complete-karmarkar-karp,2,22,16,7,1.0,12.428969300000063
complete-karmarkar-karp,2,22,16,8,1.0,18.351733800000147
complete-karmarkar-karp,2,22,16,9,0.0,3.3306764999999814
complete-karmarkar-karp,2,22,24,0,0.0,10.456233299999894
complete-karmarkar-karp,2,22,24,1,55.0,19.228720700000167
complete-karmarkar-karp,2,22,24,2,3.0,20.245899199999712
